ReplicationDegree;Numkeys;NumWrites;NumThread;NumNodes;Warehouses;Parallelism;CPU;Memory;Throughput;WriteThroughput;ReadThroughput;EarlyAborts;LocalPrepareAborts;RemotePrepareAborts;WriteXactPercentage;WriteCommitProbability;TotalCommitProbability;Locality;NumReadsPerROXact;NumReadsPerWrXact;NumPutsPerWrXact;NodesInCommit;RemoteNodesInCommit;RemoteReadsInROXact;RemoteReadsInWrXact;LockHoldTime;LocalLockHoldTime;LocalSuccessfulLockHoldTime;LocalLocalAbortLockHoldTime;LocalRemoteAbortLockHoldTime;RemoteLockHoldTime;PrepareRtt;CommitAsyncNet;RollbackAsyncNet;RemoteGetRtt;NumReadsAfterFirstWrite;PrepareMessageSize;CommitMessageSize;RollbackMessageSize;RemoteGetMessageSize;RemoteGetReplyMessageSize;LocalCommitWaitTime;NumLocalCommitsWait;RemoteCommitWaitTime;NumRemoteCommitsWait;RemoteGetWaitTime;NumRemoteGetsWait;TotalResponseTimeWrXact;TotalResponseTimeROXact;LocalResponseTimeWrXact;LocalResponseTimeROXact;LocalServiceTimeWrXact;TotalServiceTimeWrXact;LocalServiceTimeROXact;RG_WrR;RG_ROR;RG_COMMIT;BusinessLogicWrXactS;BusinessLogicROXactS;BusinessLogicWrXactR;BusinessLogicROXactR;RemoteRemoteGetServiceTime;RemoteRemoteGetResponseTime;LocalRemoteGetServiceTime;LocalRemoteGetResponseTime;CommitCommandServiceTime;CommitCommandResponseTime;PrepareCommandServiceTime;PrepareCommandResponseTime;EarlyAbortProb;PrepareLocalAbortProb;PrepareRemoteAbortProb;;;Throughput;RdThroughput;WrThroughput;RdResponseTime;WrResponseTime;WrLocalR;WrPrepareR;WrCommitR;RemoteGetR;avgR;CpuU;EarlyAbortP;LocalAbortP;RemoteAbortP;
1;100.000;10;1;10;0;10;0,61990308;192.672.944,31304345;484,96059282;53,22080913;431,73978369;2;2;0;0,1098528;0,99958255;0,99995417;0,10025665;10;10;10;6;5;8,99785588;8,99088333;1.206,6;1.198,8;1.198,8;0;626,4;40.021,1;6.448,5;969,2;484,2;1.615,5;10;5.612,5;162;28;186;216,1;3.014,2;0,6;4.657,6;7,5;0;0;39.216,6;16.801,1;30.409;16.327,8;3.706,2;5.353,7;1.796,4;40.736,03142165;18.107,0093573;9.020,34179946;2.153,47444946;242,47028914;14.479,85200991;386,29873342;100,4;105,7;172,7;1.771,7;459,8;1.233,2;1.044,3;7.342,4;0,00020872;0,00208377;0;;;451,67718478;402,0591793;49,61800548;14.728,32090446;82.194,82717175;18.248,70506479;7.492,91921794;1.429,11921794;1.788,31921794;22.139,7058276;0,10651897;0,00004806;0,10415016;0,64529594;
1;100.000;10;1;20;0;20;0,66324635;179.612.553,68695658;800,0153348;88,414004;711,60133079;0;4;0;0,11058204;0,9997487;0,99997222;0,05002465;10;10;10;7,85;7;9,49977341;9,49961423;1.544,9;1.469,7;1.468,6;3.849,95;0;114.124,7;8.095,05;1.324,55;302,35;1.886,85;10;5.692,9;242;14;266;380,65;3.924,35;0,25;11.152,45;10,65;0;0;48.296,3;20.544,65;37.374,05;20.086,35;4.434,9;6.343,65;2.128,15;49.888,91688093;21.897,71153188;11.160,3996296;2.556,35128506;249,56980869;17.653,8008099;365,77038366;111,8;119,9;197,75;2.075,9;540,35;1.605,75;1.228,6;9.093,1;0;0,00500219;0;;;659,27494402;586,37097698;72,90396704;18.075,55241599;128.950,74234811;22.362,70389236;9.323,87105061;1.865,12105061;2.084,82105061;30.336,3569044;0,18103313;0,00008039;0,06285141;0,73079373;
1;100.000;10;1;30;0;30;0,65467091;174.432.091,59130433;1.075,98755486;117,6065337;958,38102117;0;7;0;0,10937696;0,99966942;0,99996386;0,03333712;10;10;10;8;8;9,66666113;9,66667828;1.719,63333333;1.640,13333333;1.633,53333333;14.898,63333333;0;76.314,26666667;9.122,43333333;1.599,96666667;442,23333333;2.071,73333333;10;5.772,76666667;322;16,33333333;346;545,23333333;4.066,23333333;0,1;10.107,63333333;9,26666667;0;0;54.405,33333333;22.964,56666667;42.023,23333333;22.507;5.054,83333333;7.169,93333333;2.432,3;56.059,29608628;24.368,06242288;12.629,27102817;2.892,71962382;270,19012817;19.911,35120395;395,15711857;123;132,3;223,66666667;2.287,43333333;606,63333333;1.892,46666667;1.367,43333333;10.258;0;0,00982318;0;;;951,38304005;847,32365663;104,05938342;20.242,99935898;123.464,38485094;25.084,41552129;10.490,1024359;2.206,83576923;2.295,63576923;31.533,04057055;0,19078743;0,00009524;0,03726171;0,68816885;
1;100.000;10;1;10;0;10;0,67977792;210.187.288,4231884;281,76549413;143,79668128;137,96881285;1;19;0;0,51072875;0,99922789;0,99960581;0,09987184;10;10;10;6;5;9,00014612;9,00273417;4.926,3;4.818;4.807,9;24.945,2;0;37.816,9;7.065,9;1.064,4;1.201,8;1.918,2;10;5.612,5;162;63;183;258,8;13.301,4;4,4;6.536,4;79;0;0;46.384,4;20.617;36.910,6;20.161,8;3.642,6;5.122,3;1.929,5;48.067,73728511;22.073,77720265;9.728,54137071;1.975,29363153;262,67293825;17.077,57662125;334,4780938;136,3;158,4;185,2;2.203;414,7;1.340,1;918,7;7.879,3;0,00003861;0,00728723;0;;;190,71894973;93,31329967;97,40565006;17.300,89634481;86.089,42366224;20.906,57703809;7.984,65695055;1.479,15695055;2.103,45695055;52.433,17464885;0,05388194;0,00004922;0,09715553;0,61708441;
1;100.000;10;1;20;0;20;0,7062498;196.786.263,33211595;454,04660684;232,21480425;221,8318026;1;55;0;0,51187594;0,99866208;0,99931529;0,04960786;10;10;10;7,95;7;9,5045166;9,50314519;6.613,75;6.195,15;6.164,85;32.093,2;107,15;42.814,35;9.400,95;1.364,85;1.505,15;2.271,7;10;5.692,45;242;63;263;454,6;17.889,2;2,75;11.755,8;90,85;0;0;58.041,25;25.847,65;45.832,35;25.425,2;4.434,4;6.100,25;2.339,15;59.797,12608107;27.341,34489161;12.473,85916428;2.380,29516794;284,74873711;20.764,95362703;354,18611495;150,15;179,15;216,15;2.637,8;453,95;1.655,45;1.074,45;10.314,1;0,00002389;0,02564103;0;;;273,4651138;133,48490147;139,98021232;21.557,01167786;122.320,60614913;26.016,01560869;10.475,4954534;1.818,8954534;2.487,9454534;73.135,47136755;0,08713597;0,00008379;0,05420876;0,67259424;
1;100.000;10;1;30;0;30;0,69651813;190.779.873,9647343;605,58980332;309,00579424;296,58400908;7;95;0;0,51065438;0,99816958;0,99906518;0,03352628;10;10;10;8;8;9,66609147;9,66354084;7.642,2;6.896,33333333;6.872,23333333;19.592,93333333;277,5;40.378,53333333;10.674,36666667;1.550,8;2.042,53333333;2.512,66666667;10;5.772,46666667;322;70;343;650,33333333;13.954,5;1,6;12.139,1;81,23333333;0;0;65.660,4;28.915;51.881,8;28.507,6;5.116,76666667;6.925,9;2.643,16666667;67.471,93658612;30.456,31205866;14.049,15669134;2.759,82905589;285,60695597;23.665,22710252;283,57950279;162,6;196,66666667;243,9;2.919,9;479,66666667;1.836,3;1.194,53333333;11.701,9;0,00012562;0,04874044;0;;;329,83986618;161,40569443;168,43417175;24.269,40585958;154.854,44208349;29.408,30907062;11.869,0390753;2.030,60574197;2.756,70574197;90.953,22632699;0,12209491;0,00010974;0,03942437;0,71023451;
1;100.000;10;1;40;0;40;0,68026712;178.141.710,1449855;689,10768762;352,02850538;337,07918225;8;155;0;0,51140433;0,99743432;0,99868769;0,02451127;10;10;10;8;8;9,7520852;9,74725915;10.017,425;8.514,25;8.486,025;18.582,75;244;43.541,3;13.163,375;1.764;1.733,225;2.917,875;10;5.852,525;402;68,25;423;838,05;10.518,95;1,275;14.204,3;82,075;0;0;77.945,85;33.662,975;61.221,1;33.218,725;6.094,1;8.099,075;3.135,975;79.872,07832555;35.344,17744955;17.006,71140772;3.289,32617873;329,81248451;28.296,56435156;277,88781884;178,875;223,45;287,75;3.377,825;524,6;2.086,975;1.342,3;14.378,825;0,00012592;0,08912144;0;;;287,91437713;140,67371839;147,24065875;28.461,97554107;244.471,5228423;34.546,97361028;14.505,90864013;2.288,83364013;3.205,85864013;138.930,19306043;0,18939083;0,00013367;0,03579629;0,78393779;
1;100.000;10;1;60;0;60;0,69885833;162.776.755,94769084;844,13721389;427,93171246;416,20550143;17;307;0;0,50808497;0,9958119;0,99787247;0,01666831;10;10;10;9;9;9,83357475;9,83290609;12.545,41666667;9.428,83333333;9.381,13333333;16.915,05;68,98333333;39.903,06666667;14.957,08333333;2.052,63333333;1.702,61666667;3.570,61666667;10;6.012,5;562;68,83333333;583;1.214,26666667;44.096,81666667;0,66666667;23.498,45;50,9;0;0;95.589,98333333;41.368,46666667;76.421,4;40.898,61666667;8.064,13333333;10.427,48333333;4.078,95;97.609,88682318;43.098,86980293;19.463,80870618;4.389,41244416;403,97922371;35.879,18100121;353,64072967;209,25;257,53333333;373,71666667;4.123,11666667;626,3;2.452,71666667;1.592,3;16.450,98333333;0,00021975;0,19296445;0;;;364,98214013;179,54019864;185,44194149;35.315,08762694;289.360,22628445;43.179,11529184;16.549,6965336;2.679,2465336;3.944,6465336;164.391,60551356;0,23850153;0,00017604;0,02351248;0,77993748;
1;100.000;10;1;10;0;10;0,69638875;214.848.095,773913;203,83016949;184,80320564;19,02696385;3;18;0;0,90675767;0,99936912;0,99942798;0,10059143;10;10;10;6;5;9,0025998;8,99330596;8.601,9;8.494;8.484,2;24.795;589;39.733,5;7.340,1;1.011,4;1.573;2.027,1;10;5.612,4;162;70;181;295,8;12.953,8;5,7;7.270,5;148,2;0;0;49.582,8;22.369,4;39.881,9;21.872,2;3.666,9;5.061,4;2.005,6;51.401,90154257;23.930,02599896;9.962,86258699;1.957,27253679;294,20577776;18.190,04602172;157,92927913;151,7;191,2;190,1;2.412;357,8;1.287;890,8;8.151,2;0,00009013;0,00538181;0;;;203,13138146;18,94044252;184,19093895;18.253,77208507;52.414,44304612;21.912,31884409;8.230,92052561;1.369,22052561;2.217,22052561;49.229,22262375;0,02011278;0,00003664;0,04895003;0,36944299;
1;100.000;10;1;20;0;20;0,69437822;204.055.359,7717391;325,41485158;296,08268338;29,33216819;4;83;0;0,91003392;0,9983703;0,99851698;0,04956211;10;10;10;7,8;7;9,49719689;9,50515011;11.817,05;11.189,65;11.154,3;44.000,2;154,1;36.450,25;9.974,8;1.406,55;1.422,7;2.395,05;10;5.692,35;242;66,5;261;516;11.153,45;3,9;10.888,95;152,2;0;0;62.518,05;28.350,75;49.698,15;27.912,2;4.529,65;6.151,65;2.447,8;64.406,86506094;29.932,0070783;13.090,72077833;2.394,31802667;314,25471866;22.304,30736867;541,27856296;161,25;206,45;224,65;2.882;431,7;1.684,05;1.053,75;10.882,25;0,00007493;0,03020543;0;;;212,03188041;19,07567701;192,9562034;22.713,39222456;101.405,01482325;27.282,17053257;11.028,60854216;1.838,30854216;2.619,75854216;94.325,43804832;0,05530451;0,00007811;0,04369263;0,58748919;
1;100.000;10;1;30;0;30;0,71242512;197.707.613,74879223;433,79853654;394,36230595;39,43623059;15;146;0;0,90930853;0,99773721;0,99794249;0,03346182;10;10;10;8;8;9,67524979;9,66421323;13.830,6;12.671,4;12.626,03333333;25.257,7;61,1;36.769,96666667;11.361,76666667;1.643,53333333;1.407,53333333;2.642,23333333;10;5.772,33333333;322;70;341;735,76666667;14.358,8;2,66666667;12.460;140,3;0;0;70.437,96666667;31.589,06666667;55.891,16666667;31.179,23333333;5.160,7;6.923,1;2.800,36666667;72.364,10737949;33.274,57842573;14.823,38511815;2.717,26475561;354,14101266;25.008,85115725;261,65013669;170,93333333;220,66666667;252,83333333;3.195,53333333;466,36666667;1.930,16666667;1.163,1;12.369,2;0,00021082;0,05811331;0;;;161,03838154;14,60480785;146,43357369;25.543,08031998;202.323,46635242;30.704,76850737;12.525,02160894;2.110,05494228;2.895,22160894;186.290,9929454;0,13415586;0,00011221;0,04587321;0,76806764;
1;100.000;10;1;40;0;40;0,68190699;179.487.695,5013333;479,9614711;436,42758861;43,53388249;7;263;0;0,90955961;0,99657517;0,99688484;0,02420634;10;10;10;8;8;9,74241696;9,75185489;18.291,6;16.232,575;16.158,775;35.107,125;204,225;36.703,225;15.067,225;1.784,325;1.711,275;3.141,85;10;5.852,4;402;70;421;936,125;16.183,1;2;15.157,575;145,1;0;0;85.816,975;37.340,45;67.147,35;36.896,8;6.176,525;8.125,725;3.261,85;87.903,18199225;39.137,66817141;18.960,93017868;3.280,22409802;368,35216409;30.622,02131034;406,82085206;187,025;251,1;297;3.745,475;501,075;2.118,675;1.311,525;16.289,75;0,00008879;0,11808814;0;;;205,88000553;18,61986785;187,26013768;30.546,0364509;210.569,3038958;36.810,78713483;16.378,8979614;2.285,5479614;3.438,9979614;194.287,92950461;0,12889057;0,00013135;0,0309001;0,72895026;
1;100.000;10;1;50;0;50;0,691146;172.394.812,91584927;537,56172042;489,49183679;48,06988363;15;378;0;0,91107607;0,99556012;0,99595554;0,01953977;10;10;10;9;8;9,79930183;9,79886314;21.829,26;18.480,26;18.352,22;37.058;411,66;40.912,26;17.055,1;1.940,74;1.745,86;3.476,42;10;5.932,56;482;70;501;1.144,56;11.688,22;1,48;16.012,92;130,84;0;0;95.820,74;41.284,2;74.891,8;40.796,22;7.103,32;9.219,64;3.739,88;97.989,26475141;43.197,1624325;21.223,06596317;3.789,93241902;426,34407934;34.438,36940453;340,97831271;200,82;268,04;338,14;4.128,38;546,58;2.290,28;1.430,46;18.382,92;0,00016946;0,17659755;0;;;194,05740178;17,25634706;176,80105472;34.073,3431784;279.478,07575741;41.175,20031809;18.485,77499159;2.487,53499159;3.814,77499159;257.655,72218486;0,17694903;0,00015342;0,0276881;0,7725183;
1;100.000;10;1;60;0;60;0,71363932;169.999.446,15421253;610,60083077;554,99117195;55,60965882;24;518;0;0,90937757;0,99460444;0,99509342;0,01639071;10;10;10;9;9;9,83421767;9,83627284;21.312,46666667;17.493,73333333;17.367,8;33.084,08333333;186,56666667;35.582,96666667;15.780,2;2.080,06666667;1.794,38333333;3.704,43333333;10;6.012,38333333;562;70;581;1.359,78333333;11.892,35;1,15;14.496,93333333;92,78333333;0;0;100.580,33333333;43.983,33333333;80.612,05;43.513,73333333;7.993,8;10.260;4.185,8;102.743,67432636;45.846,74642965;20.270,69765825;4.268,3116634;461,0900578;37.496,05952684;406,75140953;214,63333333;283,11666667;378,75;4.383,36666667;586,61666667;2.443,7;1.537,83333333;17.261,01666667;0,00023892;0,23726821;0;;;222,04988228;20,12270009;201,92718219;36.600,42046496;293.489,46522176;44.422,77234834;17.318,29649226;2.666,94649226;4.083,44649226;270.209,55554394;0,20833398;0,00017751;0,0232631;0,77608413;
1;100.000;10;1;70;0;70;0,6809993;158.451.932,28004146;629,51524477;572,11338173;57,40186303;21;618;0;0,90934759;0,99383419;0,99439326;0,01372793;10;10;10;9;9;9,86170495;9,85739567;21.286,94285714;17.795,25714286;17.741,4;21.961,52857143;113,18571429;30.489,22857143;18.267,72857143;2.239,72857143;1.930,9;4.222,18571429;10;6.092,64285714;642;70;669;1.334,25714286;7.176,54285714;0,75714286;13.798,75714286;94,74285714;0;0;114.657,44285714;50.124;91.834,58571429;49.564,78571429;8.785,37142857;11.204,24285714;4.628,52857143;116.894,36423872;52.028,24582686;23.139,4227316;4.707,0851999;548,4594712;42.876,70355834;585,50103516;192,2;271,28571429;413,72857143;4.966,61428571;612,61428571;2.619,11428571;1.661,58571429;19.921,88571429;0,00020263;0,29578071;0;;;230,40270075;20,88655905;209,5161417;41.678,77570088;329.948,19983955;50.407,08836836;19.929,57543411;2.852,60400553;4.636,17543411;303.815,88311191;0,2070719;0,00019641;0,0197435;0,77303005;
1;1.000;10;1;10;0;10;0,67531519;73.275.398,97321738;490,35816345;52,78122208;437,57694137;6;187;0;0,10962871;0,98009078;0,99781825;0,09977795;10;10;10;6;5;9,00188649;9,00877756;1.505,6;1.224,7;1.187,8;22.609,8;2.202,5;18.732,5;6.506;961,3;1.126,5;1.591,8;10;5.612;162;70;185;317;0;0;7.277,3;10,6;0;0;40.324,7;16.364;31.484,4;15.878,5;3.833,6;5.499,6;1.778,3;41.765,19202192;17.630,38708158;9.043,54261972;2.276,88323754;222,77401535;15.840,65776618;246,72411841;59,7;62,4;172,8;1.736,5;471,6;1.233;1.056,6;7.385,9;0,00061894;0,16445343;0;;;475,27254241;423,1690245;52,10351791;14.517,06076635;74.022,4405483;18.159,30998854;7.562,68556258;1.432,98556258;1.764,68556258;21.040,55906372;0,07881866;0,00439263;0,09270201;0,60421389;
1;1.000;10;1;20;0;20;0,65056395;60.846.468,01304349;806,23951743;86,54947109;719,69004634;26;586;0;0,11104197;0,96220122;0,99580063;0,05010405;10;10;10;7,5;7;9,49968152;9,49260283;2.607,6;1.511,5;1.451,55;19.340,95;1.036,3;18.229,2;8.230,05;1.379,45;1.370,5;1.855,15;10;5.692;242;70;265;498,45;4.014,45;0,3;11.385,9;11,45;0;0;49.538,5;19.986,2;38.435,15;19.513,5;4.552;6.512,4;2.126,5;51.102,33866938;21.331,85261243;11.330,65331601;2.668,19296937;241,28820225;19.166,1155254;230,09648146;66,05;69,6;198,45;2.029,9;573,3;1.658,95;1.249,35;9.217,95;0,00160583;0,42931976;0;;;660,84786368;587,46601788;73,3818458;17.801,5540866;130.034,77637459;22.179,37885371;9.479,56549036;1.952,91549036;2.053,76549036;30.264,15170456;0,14199205;0,00706092;0,06066948;0,72998846;
1;1.000;10;1;30;0;30;0,65118823;61.509.794,2819517;1.080,358201;113,14885044;967,20935056;46;1.206;0;0,11047324;0,94209066;0,99360337;0,0335265;10;10;10;8;8;9,66345042;9,66871042;3.915,26666667;1.695,96666667;1.609,36666667;19.855,2;1.070,76666667;17.110,56666667;9.639,76666667;1.567,56666667;1.560,16666667;2.042,26666667;10;5.772;322;70;345;677,23333333;3.156,76666667;0,16666667;12.043,13333333;10,46666667;0;0;55.608,86666667;22.387,96666667;42.782,8;21.926,73333333;5.057,8;7.164,6;2.381,76666667;57.222,68051881;23.782,39069115;13.063,61213251;2.934,22890156;259,35083837;21.093,62649691;249,3592254;71,8;77,26666667;219,63333333;2.243,23333333;607,93333333;1.847,2;1.359,96666667;10.745,53333333;0,00212766;0,63981043;0;;;858,43715717;763,60281984;94,83433732;19.940,33958724;155.782,18690943;24.801,72098377;10.999,93822907;2.175,70489574;2.262,10489574;34.947,22910057;0,17005267;0,00843658;0,04107221;0,74871957;
1;1.000;10;1;10;0;10;0,68966881;86.564.074,46811594;281,45376204;139,89634715;141,55741489;88;1.360;0;0,51106361;0,94562523;0,97221316;0,09902098;10;10;10;6;5;9,00526189;9,01175461;6.144,6;4.868;4.685,8;14.868,4;1.626;12.217,2;7.204,3;1.054;1.010,5;1.854,1;10;5.612;162;70;182;599,4;15.293,7;3,4;7.289,4;80,1;0;0;44.839;20.098,2;35.319,1;19.645,5;3.566,2;5.047,2;1.905,7;46.455,98530622;21.512,44074499;9.760,35898393;1.931,46771321;272,14549277;16.151,99911366;492,20848171;73,6;80,7;181,4;2.126,9;415,6;1.318,5;923,3;7.956;0,00330454;0,35067815;0;;;165,65567228;80,99508629;84,66058598;16.760,43616127;102.083,95000178;20.251,7083817;8.127,66172237;1.469,66172237;2.035,56172237;60.366,17921052;0,05813419;0,00475653;0,11194117;0,67993883;
1;1.000;10;1;20;0;20;0,71506139;79.866.974,0905797;448,28725049;215,61341801;232,67383249;247;4.477;0;0,50971616;0,8914921;0,94469614;0,04988661;10;10;10;7,55;7;9,50520378;9,49502603;9.079,65;6.117,6;5.735,05;15.470,4;1.883,25;12.346,2;9.252,55;1.406,15;1.364,85;2.163,35;10;5.692;242;70;262;816,4;14.286,5;2,55;10.587,5;80,25;0;0;54.990,7;24.857,55;42.921,2;24.425,85;4.271,85;5.966,3;2.272,75;56.684,21364255;26.319,20323237;12.325,46249853;2.295,93508326;294,71709353;19.143,28106563;622,4434357;79;89,15;208,1;2.504,25;477,9;1.697,6;1.083;10.135,55;0,00567347;0,69761281;0;;;283,49382101;138,9924387;144,50138231;20.571,56756327;118.619,6794962;24.825,66305301;10.335,62941415;1.884,12941415;2.371,52941415;70.548,27483932;0,07357153;0,00725451;0,05211824;0,67323804;
1;1.000;10;1;30;0;30;0,71156149;78.433.208,0835169;574,90490748;270,30330167;304,60160581;397;8.643;0;0,51273154;0,84331941;0,91966444;0,03337778;10;10;10;8;8;9,66716106;9,66365551;11.550,4;7.165,86666667;6.498,03333333;17.374,4;2.357,3;13.717,66666667;10.822,1;1.634,16666667;1.523,93333333;2.407,7;10;5.772;322;70;342;1.033,56666667;13.783,1;1,9;11.869,36666667;72,43333333;0;0;62.759,93333333;27.914,3;48.745,2;27.487,8;4.836,7;6.691,66666667;2.579,66666667;64.494,77559099;29.416,54606957;14.278,20927546;2.580,2364379;322,38455998;21.746,23498634;479,04096299;85,63333333;99;233,5;2.793,86666667;517,23333333;1.931,46666667;1.206,3;11.847,66666667;0,00688077;0,84199554;0;;;317,60723649;154,75999005;162,84724644;23.302,19305013;162.076,75237439;28.113,20492805;12.028,51404085;2.151,51404085;2.641,31404085;94.456,28610877;0,10236684;0,00887271;0,038802;0,72949619;
1;1.000;10;1;40;0;40;0,689988;72.204.841,24939133;646,10535201;293,35903764;352,74631437;572;12.644;0;0,50989406;0,79983946;0,89796879;0,02452864;10;10;10;8;8;9,74924627;9,74785241;13.888,775;8.295,425;7.392,35;18.827,05;2.147,05;15.540,8;13.131,4;1.734,775;1.616,2;2.783,15;10;5.852;402;70;422;1.243,8;9.238,075;0,775;14.360,475;66,6;0;0;74.220,925;31.740,1;57.584,425;31.274,425;5.701,65;7.721,9;2.960,15;76.106,21937607;33.366,66308365;16.907,57379779;3.078,25922073;336,38409638;26.368,8772342;54,41365525;98,325;116,125;269,125;3.202,3;537,275;2.046,325;1.347,35;14.351,4;0,00866312;0,90545338;0;;;326,89557549;160,21346291;166,68211258;27.121,86416503;213.908,44926516;32.839,70741437;14.478,8972453;2.272,1972453;3.052,4222453;122.363,2346216;0,12834684;0,01019658;0,03059682;0,76148932;
1;1.000;10;1;60;0;60;0,69549889;70.408.195,8030435;759,04498565;328,35862903;430,68635662;999;21.255;0;0,51221934;0,72649173;0,85994701;0,01686219;10;10;10;9;8,98333333;9,83168596;9,82921264;15.780,61666667;9.682,78333333;8.351,65;21.195,01666667;2.483,9;16.658,35;15.048,45;1.985,26666667;1.741,13333333;3.399,36666667;10;6.012;562;70;582;1.672,96666667;7.650,05;0,5;13.836,63333333;37,98333333;0;0;90.768,11666667;38.844,88333333;71.669,48333333;38.365,85;7.496,96666667;9.839,91666667;3.843,56666667;92.716,32401296;40.550,0749987;19.389,88306793;4.064,6056125;410,34192789;33.440,0713286;126,81833284;119,03333333;141,45;349,2;3.889,36666667;621,56666667;2.335,76666667;1.579,56666667;16.506,53333333;0,01227801;0,95570255;0;;;260,67953039;127,15443378;133,52509661;33.589,07871008;417.367,23004892;40.929,43295024;16.628,34348185;2.607,16014852;3.748,89348185;230.167,66951295;0,24631553;0,01256424;0,02568193;0,85156931;
1;1.000;10;1;70;0;70;0,67420446;70.305.923,38134989;769,64719712;322,39582602;447,25137111;1.099;24.267;0;0,50875581;0,69586955;0,84525473;0,01375988;10;10;10;9;9;9,85663844;9,85620028;16.020,02857143;9.622,68571429;8.060,42857143;20.806,32857143;2.425,81428571;16.704,22857143;17.741,81428571;2.124,95714286;1.844,42857143;3.880,24285714;10;6.092;642;70;670;1.613,94285714;6.175,8;0,38571429;13.510,91428571;38,54285714;0;0;103.729,1;44.237,88571429;81.596,78571429;43.726,44285714;8.234,84285714;10.711,37142857;4.244,27142857;105.761,44809677;45.991,33194884;22.431,03930028;4.447,66830036;456,92851425;37.999,57340285;127,29244671;107,18571429;135,6;384,24285714;4.423,32857143;641,91428571;2.497,41428571;1.689,7;19.365,92857143;0,01317667;0,96696189;0;;;259,93429714;127,69121215;132,24308498;38.292,73126394;492.353,56795179;46.487,03553984;19.431,82448084;2.767,1816237;4.264,79590941;269.298,82193878;0,23675491;0,0129514;0,02165309;0,85626376;
1;1.000;10;1;10;0;10;0,71895243;97.623.522,10260871;198,83367058;179,47631265;19,35735793;151;2.400;0;0,90908049;0,92682787;0,93347763;0,10010895;10;10;10;6;5;8,99107216;8,99860758;9.623,8;8.683,1;8.449,7;14.127,2;1.901,6;11.520,4;7.406,4;1.080,8;1.028,3;1.910,1;10;5.612;162;70;181;763,1;13.120,1;5,4;7.629,6;143,4;0;0;47.001,7;22.093,9;37.225,6;21.604,7;3.561,8;4.984,1;1.983,4;48.709,03235134;23.598,55522537;10.027,71660112;1.915,05481343;338,03379467;16.906,74409144;1.302,85906211;62,3;70,4;183;2.258;391,4;1.359;889,7;8.164,4;0,00433124;0,4261969;0;;;199,62518677;18,1498245;181,47536227;17.292,38696758;53.374,44207406;20.753,19798635;8.296,12026441;1.472,22026441;2.093,12026441;50.093,87924266;0,01986192;0,00347111;0,05287394;0,40065859;
1;1.000;10;1;20;0;20;0,73377403;83.563.893,84275363;299,63389437;268,51449882;31,11939554;401;7.566;0;0,90950909;0,85850028;0,87130488;0,05000834;10;10;10;7,7;7;9,51502921;9,49708788;12.125,3;11.332,5;10.967,25;15.569,95;2.136,25;12.504,4;9.953,55;1.419,4;1.341,75;2.235,85;10;5.692;242;70;261;1.003,15;13.199,5;4,75;10.807,55;143,4;0;0;58.405,6;27.247,15;45.612,95;26.810,85;4.252,8;5.880,9;2.384,2;60.186,09367242;28.838,68961256;13.057,81259445;2.245,59047721;373,19857744;20.142,23516849;1.292,01742257;68,8;81,5;211,35;2.681,95;449,4;1.714,8;1.047,85;10.835,2;0,00712205;0,7578998;0;;;174,1454758;15,75858318;158,38689263;21.297,60391596;124.154,086309;25.494,83581574;11.001,47044488;1.868,87044488;2.447,27044488;114.846,509263;0,06580897;0,00725099;0,05254394;0,67705552;
1;1.000;10;1;30;0;30;0,71539615;82.618.433,28181642;375,41328068;333,69081865;41,72246203;716;14.411;0;0,90921941;0,79884041;0,81710797;0,03354394;10;10;10;8;8;9,66737956;9,66317608;13.350,2;13.029,26666667;12.530,3;16.810,86666667;2.087,63333333;13.424,33333333;11.404,03333333;1.624,66666667;1.497,56666667;2.465,5;10;5.772;322;70;341;1.240,26666667;11.207,4;1,96666667;12.564,26666667;119,43333333;0;0;65.645,73333333;30.019,83333333;51.045,9;29.586,13333333;4.800,53333333;6.578,43333333;2.661,83333333;67.472,74154677;31.563,27003642;14.867,89622994;2.522,27852038;382,58747945;22.296,01853744;823,74567116;75,76666667;90,7;235,76666667;2.975,2;484,53333333;1.926,1;1.164,46666667;12.432,4;0,0095214;0,87800212;0;;;230,39833555;20,91569738;209,48263817;23.884,57790284;140.825,21422486;28.635,49338822;12.568,58086862;2.109,28086862;2.701,34753528;130.209,27398702;0,07481817;0,0084878;0,0341062;0,68297122;
1;1.000;10;1;50;0;50;0,63586657;64.178.336,79896812;373,9427157;327,43248295;46,51023275;1.126;25.323;0;0,91059609;0,69027461;0,71793149;0,01956803;10;10;10;8,78;8;9,80457771;9,79302103;23.203,7;21.764,4;20.383,36;27.655,38;2.599,46;23.346,4;20.526,32;1.894,58;1.641,22;3.536,82;10;5.932;482;70;501;1.709,78;12.618,08;1,44;29.217,94;88,42;0;0;96.726,08;42.005,84;72.290,2;41.504,98;6.804,54;8.974,44;3.747,8;98.804,10343963;43.816,61144417;24.719,36897158;3.581,26505856;520,72129261;31.282,12030204;448,50693189;109,18;135,84;329,14;4.187,48;559,26;2.262,94;1.472,92;21.909,94;0,01318578;0,95551568;0;;;202,29397798;18,08587293;184,20810505;34.619,86919822;268.033,10001129;41.469,05376417;21.999,3550588;2.453,9550588;3.866,0750588;247.165,04415387;0,10318631;0,0101513;0,0220783;0,74771082;
1;1.000;10;1;60;0;60;0,7096742;70.559.327,21927534;436,89372971;380,74540585;56,14832386;1.600;33.217;0;0,91090818;0,66314822;0,69315578;0,01700169;10;10;10;9;9;9,82641569;9,82887959;18.042,7;17.940,61666667;17.140,8;21.701,91666667;2.311,43333333;18.055,13333333;16.566,9;2.005,48333333;1.754,71666667;3.579,25;10;6.012;562;70;581;1.946,85;10.770,11666667;0,91666667;15.406,38333333;60,41666667;0;0;96.329,05;42.431,01666667;75.659,55;41.917,61666667;7.490,65;9.772,83333333;4.084,96666667;98.381,02565168;44.286,92535533;20.964,95050085;3.968,63481226;563,8343763;34.215,42393456;483,87979832;114,51666667;142,65;358,33333333;4.216,56666667;598,3;2.364,86666667;1.544,36666667;18.036,03333333;0,01547988;0,96675193;0;;;162,43427807;14,47156535;147,96271272;35.414,48574218;402.043,8383434;42.691,24312259;18.111,51990549;2.604,03657216;3.937,83657216;369.380,16232094;0,20206749;0,01238458;0,02425738;0,83737111;
1;1.000;10;1;70;0;70;0,67646953;74.768.948,57440165;430,74884082;372,65243314;58,09640768;1.753;38.028;0;0,91089899;0,62775922;0,66094197;0,01407018;10;10;10;9;8,97142857;9,8576091;9,8511208;17.825,61428571;17.887,5;16.908,41428571;21.704,61428571;2.252,8;17.827,22857143;19.153,67142857;2.143,82857143;1.845,15714286;4.056,55714286;10;6.092;642;70;668,45714286;1.869,52857143;6.841,54285714;0,52857143;14.164,9;60,02857143;0;0;109.156,55714286;47.994,8;85.585,48571429;47.433,9;8.294,75714286;10.712,65714286;4.532,95714286;111.324,60588103;49.905,005382;23.872,82409389;4.409,33436991;644,97529237;38.647,4282582;464,92747083;101,92857143;134,85714286;394,41428571;4.764,74285714;622,38571429;2.517,45714286;1.652,54285714;20.775,41428571;0,01640326;0,97541707;0;;;162,93258317;14,51745741;148,41512577;40.134,37002921;467.724,23385766;48.286,11522921;20.806,45758861;2.766,45758861;4.451,21473147;429.625,5459553;0,19569077;0,01275601;0,02038597;0,84155937;
