SLAVE_INDEX,DURATION,REQ_PER_SEC,READ_COUNT,WRITE_COUNT,LOCAL_FAILURES,REMOTE_FAILURES,SUX_UPDATE_XACT_RESPONSE,SUX_READ_ONLY_XACT_RESPONSE,INIT_TIME,COMMIT_TIME,CPU_USAGE,MEM_USAGE,NUM_THREADS,NUM_KEYS,DATA_ACCESS_PATTERN,NumAbortedTxDueToReadLock,AvgRollbackRtt,RemoteUpdateTxPrepareServiceTime,RemoteContentionProbability,LocalUpdateTxPrepareResponseTime,AvgCommitAsync,LocalUpdateTxLocalServiceTime,AvgGetsPerWrTransaction,LocalUpdateTxLocalRollbackResponseTime,AvgNumSyncSentCommitMsgs,AvgCommitCommandSize,AvgClusteredGetCommandSize,ReadOnlyTxTotalCpuTime,LocalReadOnlyTxCommitResponseTime,LocalReadOnlyTxPrepareResponseTime,AvgPutsPerWrTransaction,PercentageWriteTransactions,NumAbortedTxDueToValidation,LocalReadOnlyTxLocalServiceTime,AvgNumNodesPrepare,NumWaitedRemoteGets,AvgLocalRemoteAbortLockHoldTime,AvgLocalSuccessfulLockHoldTime,RemoteUpdateTxRollbackResponseTime,AvgNumNodesRollback,AvgLocalGetTime,LocalReadOnlyTxLocalResponseTime,AvgRollbackAsync,AvgRemoteGetsPerWrTransaction,AvgCommitRtt,NumReadsBeforeWrite,LocalUpdateTxLocalRollbackServiceTime,AvgLockHoldTime,RemoteGetServiceTime,NumOwnedWrItemsInRemotePrepare,RemoteUpdateTxCommitResponseTime,GMUClusteredGetCommandResponseTime,WaitedTimeInLocalCommitQueue,RemotePutExecutionTime,AvgLocalLockHoldTime,AvgClusteredGetCommandReplySize,AvgNumNodesRemoteGet,NumOwnedRdItemsInRemotePrepare,AvgNumAsyncSentCommitMsgs,AvgGetsPerROTransaction,LocalUpdateTxTotalResponseTime,LocalUpdateTxTotalCpuTime,LocalUpdateTxLocalResponseTime,RemoteGetResponseTime,GMUClusteredGetCommandWaitingTime,NumKilledTxDueToValidation,LocalUpdateTxCommitServiceTime,RemoteUpdateTxPrepareResponseTime,ApplicationContentionFactor,PercentageSuccessWriteTransactions,WaitedTimeInRemoteCommitQueue,LocalUpdateTxRemoteRollbackResponseTime,LockContentionProbability,AvgRemoteLockHoldTime,ReadOnlyTxTotalResponseTime,NumAbortedXacts,RemoteUpdateTxCommitServiceTime,NumberOfRemotePuts,AvgNumPutsBySuccessfulLocalTx,AvgNumNodesCompleteNotification,AvgCompleteNotificationAsync,NumAbortedTxDueToNotLastValueAccessed,NumOwnedRdItemsInLocalPrepare,NumAbortedTxDueToWriteLock,NumWaitedLocalCommits,TerminationCost,RemotelyDeadXact,AvgRemotePutsPerWrTransaction,LocalUpdateTxPrepareServiceTime,LocalReadOnlyTxPrepareServiceTime,AvgRemoteGetRtt,AvgPrepareCommandSize,LocalUpdateTxCommitResponseTime,LocalUpdateTxRemoteRollbackServiceTime,AvgPrepareRtt,AvgNumNodesCommit,NumberOfGets,UpdateXactToPrepare,AvgRollbackCommandSize,WriteSkewProbability,LocalContentionProbability,GMUClusteredGetCommandServiceTime,AvgReadOnlyTxDuration,NumOwnedWrItemsInLocalPrepare,ReplicationDegree,RemoteUpdateTxRollbackServiceTime,NumberOfRemoteGets,NumWaitedRemoteCommits,AvgRemoteGetsPerROTransaction,LocalReadOnlyTxCommitServiceTime,AvgPrepareAsync,AvgLocalLocalAbortLockHoldTime
0,180146,0,433,46,0,0,434023.0576304348,369648.7366605081,40.88818580375783,47095.97469565217,0.6662563093762921,1.8485271424E8,1,100000,UNIFORM,0,0,484,0.0,39184,6297,37957,100,0,0,642,680,36183.0,0,0,10.0,0.09603340292275574,0,35256,48,0,0,6015,175,0,317,366068,0,98.19565217391305,0,100.0,0,9703,334,0.1797175866495507,266,242.0,0,2927,6015,1173,1,2.1389602053915278,47,100,431595.0,44599.0,384754,3667,0.0,0,1626,995,0.0,0.09603340292275574,0,0,0.0,86947,367437.0,0,204,440,10.0,0,0,0,16.391304347826086,0,0,147553,0.0,9.565217391304348,4782,0,3340,6542,7203,0,34893,48,47900,46.0,0,0.0,0.0,203.0,367426,0.43478260869565216,1,156,47146,0,98.45034642032333,0,0,0
1,180146,0,442,61,0,0,428880.48044262297,347961.0096855204,20.969049701789263,56651.06029508197,0.5949296004735255,1.5438384416E8,1,100000,UNIFORM,0,0,484,0.0,46342,8962,40490,100,0,0,642,679,38328.0,0,0,10.0,0.12127236580516898,0,37359,48,0,0,6682,175,0,291,344375,0,98.54098360655738,0,100.0,0,10226,352,0.21818181818181817,223,157.0,0,3135,6682,1173,1,2.030082644628099,48,100,426842.0,48779.0,370547,3453,0.0,1,2143,921,0.0,0.12127236580516898,0,0,0.0,90211,345770.0,0,199,600,10.0,0,0,0,13.688524590163935,0,0,167526,0.0,9.836065573770492,5901,0,3144,6542,9512,0,39168,48,50300,61.0,0,0.0,0.0,139.0,345748,0.16393442622950818,1,178,49465,0,98.31221719457014,0,0,0
2,180017,0,415,41,0,1,473717.254,384621.7449614458,16.39388840262582,51209.97204878049,0.6577735275130469,1.4393307304347825E8,1,100000,UNIFORM,0,0,491,0.0,40382,9413,42379,100,0,0,642,680,41448.0,0,0,10.0,0.09190371991247265,0,40485,48,0,0,4944,236,50,335,380896,28523,98.39024390243902,0,100.0,0,8443,382,0.18771331058020477,247,176.0,0,3377,4944,1172,1,1.9795221843003412,48,100,471399.0,50805.0,420457,3833,0.0,0,2271,1005,0.0,0.08991228070175439,7433,29731,0.0,77181,382453.0,1,205,410,10.0,0,0,0,18.682926829268293,0,0,253087,0.0,10.0,5915,0,3486,6542,10251,4399,34485,48,45600,42.0,70,0.0,0.0,150.0,382356,0.0,1,167,44834,1,98.3132530120482,0,0,0
3,180000,0,422,43,0,0,587970.8698139535,366358.7131848341,14.626451612903226,70894.7336744186,0.6476746069044412,1.552057043478261E8,1,100000,UNIFORM,0,0,481,0.0,56089,12201,47260,100,0,0,642,680,41707.0,0,0,10.0,0.09247311827956989,0,40745,48,0,0,7281,193,0,345,362399,0,98.44186046511628,0,100.0,0,11336,387,0.19900497512437812,236,171.0,0,3174,7281,1172,1,2.0514096185737976,48,100,584942.0,56988.0,514620,3752,0.0,2,2876,999,0.0,0.09247311827956989,0,0,0.0,75026,364055.0,0,198,430,10.0,0,0,0,18.627906976744185,0,0,169794,0.0,10.0,6612,0,3396,6542,13744,0,47429,48,46500,43.0,0,0.0,0.0,151.0,364036,0.0,1,187,45699,0,98.260663507109,0,0,0
4,179993,0,419,54,0,0,443475.4946296296,372053.1916038186,18.901162790697676,60033.737574074075,0.623779571910409,1.375874904347826E8,1,100000,UNIFORM,0,0,484,0.0,50182,8308,42105,100,0,0,642,680,40867.0,0,0,10.0,0.11416490486257928,0,39926,48,0,0,8308,208,0,321,368159,0,98.22222222222223,0,100.0,0,12464,375,0.24072869225764476,246,180.0,0,3120,8308,1173,1,2.1301236174365648,47,100,441235.0,50276.0,381494,3673,0.0,1,2103,982,0.0,0.11416490486257928,0,0,0.0,81076,369930.0,0,195,530,10.0,0,0,0,13.75925925925926,0,0,188782,0.0,9.814814814814815,5824,0,3335,6542,9107,0,41214,48,47300,54.0,0,0.0,0.0,159.0,369909,0.18518518518518517,1,181,46557,0,98.45584725536993,0,0,0
5,180085,0,415,52,0,1,543665.8449423077,363826.1240120482,24.313472222222224,65138.696288461535,0.6645569817373672,1.519374752E8,1,100000,UNIFORM,0,0,500,0.0,50157,13057,45965,100,0,0,642,680,40736.0,0,0,10.0,0.11324786324786325,0,39751,48,0,0,6850,179,49,327,360058,18424,98.28846153846153,0,100.0,0,11911,379,0.2172503242542153,250,181.0,0,3399,7252,1172,1,2.101815823605707,48,100,541040.0,55582.0,476367,3713,0.0,0,2872,1044,0.0,0.11134903640256959,0,23857,0.0,88924,361682.0,1,197,510,10.0,0,0,0,15.538461538461538,0,0,235530,0.0,9.807692307692308,6474,0,3368,6542,13955,4011,40626,48,46700,53.0,70,0.0,0.0,157.0,361582,0.19230769230769232,1,175,45890,0,98.26265060240964,0,0,169389
6,180046,0,412,53,0,3,438261.4166603774,376699.289026699,15.136634615384615,55979.08233962264,0.6185868034844443,1.5007530233333334E8,1,100000,UNIFORM,0,0,485,0.0,45713,8140,44442,100,0,0,642,679,41596.0,0,0,10.0,0.11965811965811966,0,40662,48,0,0,7126,212,48,328,372914,6683,98.43396226415095,0,100.0,0,10995,384,0.20854355869492094,256,183.0,0,3416,7721,1172,1,1.9865410497981157,47,100,436221.0,52629.0,380515,3711,0.0,1,1925,1063,0.0,0.11397849462365592,10933,10866,0.0,77174,374492.0,3,207,530,10.0,0,0,0,14.018867924528301,0,0,197109,0.0,10.0,6013,0,3363,6542,9403,2422,37901,48,46500,56.0,70,0.0,0.0,157.0,374467,0.0,1,206,45757,1,98.39805825242719,0,0,96188
7,180270,0,417,53,0,0,532218.0909245283,364397.4988657074,13.480053191489361,132406.2489245283,0.684038336781388,1.4539461248E8,1,100000,UNIFORM,0,0,472,0.0,121005,9789,44680,100,0,0,642,680,40261.0,0,0,10.0,0.1127659574468085,0,39332,48,0,0,12817,300,0,321,360401,0,98.26415094339623,0,100.0,0,17815,373,0.214190093708166,241,165.0,0,3255,12817,1173,1,2.0127175368139225,47,100,530159.0,53954.0,398389,3622,0.0,1,2420,912,0.0,0.1127659574468085,0,0,0.0,98840,361821.0,0,196,520,10.0,0,0,0,14.377358490566039,0,0,168600,0.0,9.81132075471698,6621,0,3287,6542,10333,0,113358,48,47000,53.0,0,0.0,0.0,144.0,361804,0.18867924528301888,1,181,46238,0,98.39328537170263,0,0,0
8,180157,0,416,47,0,1,442697.9233617021,381456.7832307692,68.90253879310345,56670.72280851064,0.580837451823693,1.4006858528E8,1,100000,UNIFORM,0,0,473,0.0,47176,8152,41896,100,0,0,642,680,42779.0,0,0,10.0,0.10344827586206896,0,41810,48,0,0,6558,181,43,342,377448,11814,98.29787234042553,0,100.0,0,11994,390,0.16806722689075632,258,172.0,0,3375,6901,1172,1,2.053781512605042,47,100,439829.0,49812.0,383364,3760,0.0,0,1912,990,0.0,0.10151187904967603,0,14893,0.0,83744,379058.0,1,193,460,10.0,0,0,0,17.04255319148936,0,0,143787,0.0,9.787234042553191,5767,0,3405,6543,8860,3158,39290,48,46300,48.0,70,0.0,0.0,149.0,379044,0.2127659574468085,1,170,45498,0,98.26442307692308,0,0,144381
9,180226,0,424,49,0,0,430405.0839591837,375029.112875,15.319585623678648,55880.303346938774,0.6837308725639878,1.5508034656E8,1,100000,UNIFORM,0,0,476,0.0,44613,9730,42793,100,0,0,642,680,40085.0,0,0,10.0,0.10359408033826638,0,39119,49,0,0,6857,182,0,318,371150,0,98.12244897959184,0,100.0,0,9827,367,0.23217247097844113,246,167.0,0,3209,6857,1173,1,2.0096185737976784,48,100,427262.0,51583.0,371685,3698,0.0,0,2258,948,0.0,0.10359408033826638,0,0,0.0,82481,372927.0,0,201,450,10.0,0,0,0,17.46938775510204,0,0,173340,0.0,9.183673469387756,6275,0,3368,6542,10411,0,36832,49,47300,49.0,0,0.0,0.0,148.0,372910,0.8163265306122449,1,178,46444,0,98.19811320754717,0,0,0
10,180060,0,420,51,0,1,442920.3581960784,373584.46679285716,13.00376906779661,56104.78337254902,0.6340674527311201,1.4799840666666666E8,1,100000,UNIFORM,0,0,478,0.0,44727,9153,43474,100,0,0,642,680,41478.0,0,0,10.0,0.11016949152542373,0,40516,48,0,0,6536,199,50,338,369736,6970,98.27450980392157,0,100.0,0,9661,381,0.18305084745762712,241,173.0,0,3058,6536,1173,1,1.996271186440678,47,100,440792.0,52234.0,385123,3699,0.0,0,2208,969,0.0,0.10828025477707007,0,7840,0.0,75509,371566.0,1,200,470,10.0,0,0,0,16.11764705882353,0,0,198699,0.0,9.215686274509803,6312,0,3346,6542,10612,2160,36159,48,47100,52.0,70,0.0,0.0,152.0,371533,0.7843137254901961,1,181,46278,0,98.25238095238095,0,0,0
11,180228,0,414,35,0,1,478838.15380000003,393556.281294686,14.023337777777778,63263.7454,0.6238840716535308,1.6469240576E8,1,100000,UNIFORM,0,0,495,0.0,52299,9396,43620,100,0,0,642,680,43271.0,0,0,10.0,0.08,0,42268,49,0,0,5512,191,49,361,389468,8367,98.34285714285714,0,100.0,0,9988,397,0.1984126984126984,262,177.0,0,3475,5715,1173,1,2.0284391534391535,48,100,475767.0,52149.0,412906,3898,0.0,0,2087,1029,0.0,0.0779510022271715,0,10690,0.0,84624,391201.0,1,210,350,10.0,0,0,0,21.4,0,0,138108,0.0,10.0,6181,0,3530,6542,9923,3298,42797,49,44900,36.0,70,0.0,0.0,153.0,391188,0.0,1,176,44151,0,98.33091787439614,0,0,81663
12,180236,0,419,56,0,0,424839.3334821429,372981.5001384248,19.603945263157893,53485.954053571426,0.6197812632986235,1.4816412672E8,1,100000,UNIFORM,0,0,480,0.0,43855,8368,38825,100,0,0,642,679,40938.0,0,0,10.0,0.11789473684210526,0,39974,49,0,0,6822,179,0,319,369380,0,98.28571428571429,0,100.0,0,10318,372,0.21473406012553684,226,172.0,0,2805,6822,1174,1,2.0270895275850678,48,100,423049.0,47408.0,369812,3676,0.0,2,2225,1015,0.0,0.11789473684210526,0,0,0.0,68211,370897.0,0,197,550,10.0,0,0,0,14.196428571428571,0,0,157334,0.0,9.821428571428571,6116,0,3337,6542,9024,0,37495,49,47500,56.0,0,0.0,0.0,148.0,370877,0.17857142857142858,1,180,46705,0,98.33174224343675,0,0,0
13,180152,0,427,47,0,1,438581.57042553194,372141.7340070258,25.209650526315787,59834.868297872345,0.6236294876724197,1.4115005984E8,1,100000,UNIFORM,0,0,490,0.0,47381,10771,42269,100,0,0,642,680,40853.0,0,0,10.0,0.10105263157894737,0,39882,48,0,0,6919,195,45,320,368625,18161,98.31914893617021,0,100.0,0,9928,374,0.17399868680236374,234,168.0,0,3334,7260,1172,1,2.062705187130663,48,100,436054.0,50744.0,376495,3676,0.0,0,2209,935,0.0,0.09915611814345991,0,23563,0.0,73874,370200.0,1,200,460,10.0,0,0,0,17.29787234042553,0,0,163040,0.0,9.787234042553191,6023,0,3341,6542,11572,3533,39005,48,47400,48.0,70,0.0,0.0,150.0,370180,0.2127659574468085,1,194,46587,0,98.28103044496487,0,0,146070
14,180220,0,444,46,0,0,521503.4730217391,351579.9820630631,24.455555102040815,55842.2875,0.5993720039090377,1.5305808544E8,1,100000,UNIFORM,0,0,481,0.0,43685,11038,44211,100,0,0,642,680,38563.0,0,0,10.0,0.09387755102040816,0,37614,49,0,0,6672,193,0,302,348072,0,98.21739130434783,0,100.0,0,11082,357,0.19620884602593947,228,161.0,0,3168,6672,1174,1,2.0638510142999666,48,100,519678.0,53574.0,464063,3572,0.0,0,2485,898,0.0,0.09387755102040816,0,0,0.0,85004,349523.0,0,197,460,10.0,0,0,0,16.76086956521739,0,0,129701,0.0,10.0,6638,0,3259,6543,11615,0,35529,49,49000,46.0,0,0.0,0.0,143.0,349503,0.0,1,195,48229,0,98.4481981981982,0,0,0
15,180203,0,451,48,0,0,424452.6007083333,354050.45628824836,14.570877755511022,51636.273583333335,0.619319418153543,1.5272781824E8,1,100000,UNIFORM,0,0,464,0.0,41559,8574,41411,100,0,0,642,680,37920.0,0,0,10.0,0.09619238476953908,0,36960,48,0,0,5161,177,0,294,350151,0,98.4375,0,100.0,0,9452,349,0.20380888740394254,225,158.0,0,3038,5161,1172,1,2.0287337119946542,48,100,422477.0,49714.0,371130,3511,0.0,0,2095,878,0.0,0.09619238476953908,0,0,0.0,82072,351680.0,0,196,480,10.0,0,0,0,18.333333333333332,0,0,153806,0.0,10.0,5962,0,3206,6542,9265,0,35192,48,49900,48.0,0,0.0,0.0,143.0,351665,0.0,1,172,49020,0,98.21507760532151,0,0,0
16,180189,0,441,55,0,2,436770.0902,352038.84769161,13.5905421686747,59527.29389090909,0.6532001024342757,1.5587332096E8,1,100000,UNIFORM,0,0,471,0.0,48997,8953,42577,100,0,0,642,680,38876.0,0,0,10.0,0.1144578313253012,0,37934,48,0,0,7893,188,49,303,348411,5225,98.0909090909091,0,100.0,0,11404,359,0.18506278916060806,228,338.0,0,2997,7939,1172,1,2.034699272967614,47,100,434562.0,51300.0,375299,3500,0.0,1,2245,924,0.0,0.11088709677419355,0,5830,0.0,77987,349944.0,2,195,520,10.0,0,0,0,16.054545454545455,0,0,178630,0.0,9.454545454545455,6220,0,3181,6543,9739,1906,41360,48,49600,57.0,70,0.0,0.0,141.0,349927,0.5454545454545454,1,190,48717,0,98.2358276643991,0,0,48676
17,180235,0,418,59,0,1,431031.1869322034,368632.1251483254,26.73980753138075,54658.472983050844,0.7221565937249176,1.4885473376E8,1,100000,UNIFORM,0,0,491,0.0,44775,8384,41688,100,0,0,642,679,40623.0,0,0,10.0,0.12552301255230125,0,39674,48,0,0,7612,244,50,313,364917,8511,98.35593220338983,0,100.0,0,12552,372,0.271356783919598,241,174.0,0,3045,8061,1174,1,1.991289782244556,47,100,428346.0,50110.0,374090,3633,0.0,0,2144,1002,0.0,0.12368972746331237,0,9586,0.0,85179,366490.0,1,207,580,10.0,0,0,0,12.576271186440678,0,0,172621,0.0,9.830508474576272,6028,0,3298,6542,9036,2662,37611,48,47700,60.0,70,0.0,0.0,154.0,366466,0.1694915254237288,1,227,46958,0,98.45693779904306,0,0,174616
18,180006,0,418,45,0,0,482618.53537777776,378403.7562200957,20.755462203023757,58985.38691111111,0.688964493311293,1.608260135652174E8,1,100000,UNIFORM,0,0,495,0.0,46484,9942,47445,100,0,0,642,680,42077.0,0,0,10.0,0.09719222462203024,0,41112,48,0,0,6713,175,0,348,374423,0,98.04444444444445,0,100.0,0,11062,391,0.22779795311984152,245,188.0,0,3410,6713,1173,1,2.055793991416309,47,100,477706.0,56256.0,419043,3770,0.0,1,2047,1074,0.0,0.09719222462203024,0,0,0.0,77693,375899.0,0,200,450,10.0,0,0,0,18.044444444444444,0,0,161669,0.0,10.0,6501,0,3411,6542,10665,0,36977,48,46300,45.0,0,0.0,0.0,154.0,375868,0.0,1,167,45488,0,98.26794258373205,0,0,0
19,180042,0,415,47,0,0,549659.9703404255,371297.4782072289,36.42168398268399,136191.21729787232,0.603226357715561,1.5181669433333334E8,1,100000,UNIFORM,0,0,484,0.0,124761,9931,46933,100,0,0,642,680,39508.0,0,0,10.0,0.10173160173160173,0,38553,48,0,0,15687,214,0,323,366816,0,98.23404255319149,0,100.0,0,19645,367,0.19760285066407515,245,175.0,0,3407,15687,1173,1,2.0657596371882088,47,100,546390.0,55628.0,410440,3699,0.0,1,2252,1049,0.0,0.10173160173160173,0,0,0.0,76124,368517.0,0,192,450,10.0,0,0,0,17.914893617021278,0,0,290187,0.0,9.574468085106384,6196,0,3368,6542,10639,0,116190,48,46200,47.0,0,0.0,0.0,151.0,368498,0.425531914893617,1,180,45358,0,98.1710843373494,0,0,0
20,180059,0,395,64,0,1,448973.06475,381601.57636455697,23.335715217391307,54469.942765625,0.6282778210231204,1.4712813728E8,1,100000,UNIFORM,0,0,482,0.0,43911,9005,43831,100,0,0,642,679,41378.0,0,0,10.0,0.14130434782608695,0,40422,48,0,0,8637,200,49,323,377700,4599,98.171875,0,100.0,0,13349,381,0.20990488684814693,259,183.0,0,3349,8637,1173,1,2.0892095769104624,47,100,446282.0,52819.0,392165,3770,0.0,0,2339,1014,0.0,0.1394335511982571,4174,5601,0.0,86398,379228.0,1,200,600,10.0,0,0,0,12.59375,0,0,179139,0.0,9.375,6391,0,3422,6542,9792,2292,36833,48,45900,65.0,70,0.0,0.0,157.0,379215,0.625,1,204,45094,2,98.25569620253165,0,0,0
21,180017,0,410,58,0,1,482399.28996551724,369444.9479463415,31.3947697228145,61557.37379310345,0.6976132801890834,1.504517113043478E8,1,100000,UNIFORM,0,0,481,0.0,47841,12298,47252,100,0,0,642,679,40536.0,0,0,10.0,0.1257995735607676,0,39562,49,0,0,6605,169,46,319,365459,7285,98.55172413793103,0,100.0,0,10370,378,0.16561775422325273,217,159.0,0,3354,6799,1172,1,2.0463729711825107,48,100,477895.0,56499.0,416659,3694,0.0,1,2797,985,0.0,0.12393162393162394,0,8521,0.0,77478,367211.0,1,194,570,10.0,0,0,0,13.89655172413793,0,0,161140,0.0,9.827586206896552,6224,0,3354,6542,13065,2696,39970,49,46800,59.0,70,0.0,0.0,143.0,367195,0.1724137931034483,1,162,45994,0,98.2390243902439,0,0,85038
22,180266,0,503,59,0,0,417659.7447118644,309196.72892246523,13.38302491103203,51048.65191525424,0.3868576755992022,4.635053216E7,1,100000,UNIFORM,0,0,0,0.0,42281,7429,44347,100,0,0,642,680,38570.0,0,0,10.0,0.10498220640569395,0,37665,48,0,0,0,0,0,221,306613,0,100.0,0,100.0,0,0,351,0.0,0,0.0,0,2708,0,0,1,0.0,48,100,415445.0,53493.0,364729,3062,0.0,0,2456,0,0.0,0.10498220640569395,0,0,0.0,0,307763.0,0,0,590,10.0,0,0,0,0.0,0,0,46996,0.0,10.0,6485,0,2827,6542,8169,0,37879,48,56200,59.0,0,0.0,0.0,0.0,307754,0.0,1,0,56200,0,100.0,0,0,0
23,180148,0,430,46,0,0,496141.09095652174,365615.814227907,19.777378151260507,97755.617,0.6551315783110425,1.4261831232E8,1,100000,UNIFORM,0,0,485,0.0,85081,10902,44959,100,0,0,642,680,39250.0,0,0,10.0,0.09663865546218488,0,38289,48,0,0,12496,177,0,310,361974,0,98.54347826086956,0,100.0,0,16430,364,0.2485089463220676,250,175.0,0,3259,12496,1173,1,2.047713717693837,47,100,493863.0,53902.0,396446,3635,0.0,0,2493,971,0.0,0.09663865546218488,2263,0,0.0,82198,363541.0,0,206,460,10.0,0,0,0,16.717391304347824,0,0,164183,0.0,10.0,6209,0,3312,6542,11873,0,75760,48,47600,46.0,0,0.0,0.0,154.0,363521,0.0,1,168,46831,1,98.36744186046512,0,0,0
24,180354,0,404,56,0,1,475247.4441964286,379173.8604529703,15.350908893709327,63939.399535714285,0.6651952747615402,1.3784934112E8,1,100000,UNIFORM,0,0,492,0.0,50340,11432,47100,100,0,0,642,679,42166.0,0,0,10.0,0.12364425162689804,0,41207,48,0,0,8213,190,50,335,375337,8024,98.32142857142857,0,100.0,0,12384,391,0.1515650741350906,247,169.0,0,3401,8415,1172,1,2.100823723228995,48,100,472661.0,56056.0,409096,3768,0.0,1,2765,1002,0.0,0.12173913043478261,0,12261,0.0,72313,376872.0,1,198,560,10.0,0,0,0,13.678571428571429,0,0,179653,0.0,10.0,5930,0,3410,6543,12490,3955,42391,48,46000,57.0,70,0.0,0.0,148.0,376853,0.0,1,191,45234,0,98.33663366336634,0,0,47012
25,180157,0,422,48,0,0,471120.673625,372983.24045734596,24.541017021276595,56711.254125,0.6575830415118585,1.4184426368E8,1,100000,UNIFORM,0,0,482,0.0,45535,9588,48121,100,0,0,642,680,41316.0,0,0,10.0,0.10212765957446808,0,40345,49,0,0,6036,161,0,327,369052,0,98.27083333333333,0,100.0,0,10795,386,0.21185038066865278,249,166.0,0,3360,6036,1172,1,2.073485600794439,48,100,468290.0,56735.0,411966,3714,0.0,0,2165,963,0.0,0.10212765957446808,0,0,0.0,85202,370493.0,0,192,480,10.0,0,0,0,15.958333333333334,0,0,199354,0.0,10.0,6182,0,3375,6542,10417,0,38827,49,47000,48.0,0,0.0,0.0,145.0,370468,0.0,1,155,46233,0,98.37914691943128,0,0,0
26,180186,0,429,51,0,0,457733.4168235294,365215.1505477855,27.60816666666667,60868.34360784314,0.6204153252571722,1.4820421024E8,1,100000,UNIFORM,0,0,473,0.0,47865,12002,42982,100,0,0,642,680,39067.0,0,0,10.0,0.10625,0,38105,48,0,0,5401,191,0,309,361031,0,98.41176470588235,0,100.0,0,9612,360,0.2037351443123939,237,168.0,0,3181,5401,1173,1,1.9612508497620667,48,100,455333.0,52356.0,394693,3628,0.0,0,2688,953,0.0,0.10625,0,0,0.0,71205,362679.0,0,197,500,10.0,0,0,0,16.058823529411764,0,0,180068,0.0,9.803921568627452,6451,0,3305,6542,12437,0,39450,48,48000,51.0,0,0.0,0.0,147.0,362628,0.19607843137254902,1,181,47181,0,98.27972027972028,0,0,0
27,180235,0,427,54,0,0,439264.2213148148,366257.5094309133,15.950484407484408,56098.133018518514,0.6284703157256173,1.4553539168E8,1,100000,UNIFORM,0,0,481,0.0,45653,9000,43282,100,0,0,642,680,39669.0,0,0,10.0,0.11226611226611227,0,38714,48,0,0,7360,194,0,307,362688,0,98.27777777777777,0,100.0,0,10977,365,0.2450486740516952,227,166.0,0,3159,7360,1174,1,2.0255119167505873,48,100,436373.0,51991.0,380537,3623,0.0,0,2240,886,0.0,0.11226611226611227,0,0,0.0,76794,364187.0,0,199,530,10.0,0,0,0,13.814814814814815,0,0,148694,0.0,9.814814814814815,6212,0,3300,6542,9661,0,38464,48,48100,54.0,0,0.0,0.0,150.0,364162,0.18518518518518517,1,192,47354,0,98.47072599531616,0,0,0
28,180133,0,407,57,0,1,434954.4526315789,380279.64517936116,21.59332688172043,57812.31998245614,0.6220258871003396,1.4470230666666666E8,1,100000,UNIFORM,0,0,485,0.0,47733,8702,42609,100,0,0,642,679,42036.0,0,0,10.0,0.12473118279569892,0,41079,48,0,0,7839,190,44,329,376229,4554,98.24561403508773,0,100.0,0,10962,384,0.214190093708166,231,176.0,0,3280,7924,1172,1,2.0779785809906293,47,100,432247.0,50870.0,374721,3737,0.0,0,1969,993,0.0,0.12284482758620689,38928,5654,0.0,67092,377864.0,1,194,570,10.0,0,0,0,14.24561403508772,0,0,208603,0.0,10.0,6064,0,3387,6542,9323,1859,40626,48,46400,58.0,70,0.0,0.0,148.0,377843,0.0,1,172,45588,1,98.25061425061425,0,0,76926
29,180034,0,439,50,0,0,499051.64019999997,352974.49167198176,18.184517382413087,126854.35762000001,0.600420867747185,1.5434591666666666E8,1,100000,UNIFORM,0,0,479,0.0,117162,8191,40421,100,0,0,642,680,39618.0,0,0,10.0,0.10224948875255624,0,38670,48,0,0,5079,181,0,310,349676,0,98.64,0,100.0,0,9904,364,0.21876035797149487,229,163.0,0,3088,5079,1173,1,2.0523699038780245,48,100,495859.0,48555.0,369335,3498,0.0,0,2057,914,0.0,0.10224948875255624,3226,0,0.0,76200,351044.0,0,195,480,10.0,0,0,0,15.94,0,0,145762,0.0,9.6,5833,0,3176,6542,9032,0,109650,48,48900,50.0,0,0.0,0.0,144.0,351025,0.4,1,182,48103,1,98.33940774487472,0,0,0
30,180141,0,423,55,0,0,507517.9103454546,359498.02238770685,29.74102510460251,120547.81665454546,0.6716390216650465,1.5019055264E8,1,100000,UNIFORM,0,0,494,0.0,108788,10224,45587,100,0,0,642,680,39974.0,0,0,10.0,0.11506276150627615,0,38991,48,0,0,15263,197,0,321,355482,0,98.67272727272727,0,100.0,0,18637,370,0.18169805087545424,249,177.0,0,3208,15263,1173,1,2.0597951767426497,48,100,504536.0,54706.0,384249,3562,0.0,0,2753,1064,0.0,0.11506276150627615,0,0,0.0,75185,357212.0,0,208,540,10.0,0,0,0,14.018181818181818,0,0,184933,0.0,9.818181818181818,6134,0,3225,6542,11056,0,102766,48,47800,55.0,0,0.0,0.0,154.0,357181,0.18181818181818182,1,196,47029,0,98.34988179669031,0,0,0
31,180258,0,393,65,0,0,478523.87630769226,379032.1582290077,19.908528384279474,63109.78755384615,0.6575548035107551,1.4930433728E8,1,100000,UNIFORM,0,0,481,0.0,52420,9059,50096,100,0,0,642,679,40266.0,0,0,10.0,0.14192139737991266,0,39331,49,0,0,9917,187,0,323,375421,0,98.26153846153846,0,100.0,0,15022,380,0.18960444589735206,260,175.0,0,3133,9917,1173,1,2.0908793723439034,48,100,475981.0,58965.0,413237,3782,0.0,0,2214,978,0.0,0.14192139737991266,0,0,0.0,84399,376928.0,0,198,630,10.0,0,0,0,11.707692307692307,0,0,164425,0.0,9.692307692307692,6410,0,3431,6542,9938,0,46429,49,45800,65.0,0,0.0,0.0,153.0,376915,0.3076923076923077,1,188,45039,0,98.35114503816794,0,0,0
32,180097,0,419,51,0,0,473577.22954901966,371939.342875895,32.238255319148934,63077.23911764706,0.6181017252683584,1.5051782624E8,1,100000,UNIFORM,0,0,486,0.0,51626,10026,44511,100,0,0,642,680,39756.0,0,0,10.0,0.10851063829787234,0,38783,49,0,0,7224,175,0,319,368174,0,98.37254901960785,0,100.0,0,10844,368,0.22112211221122113,226,168.0,0,3305,7224,1173,1,2.0323432343234322,48,100,470159.0,53985.0,407573,3707,0.0,0,2548,944,0.0,0.10851063829787234,0,0,0.0,71852,369621.0,0,194,490,10.0,0,0,0,15.862745098039216,0,0,187014,0.0,9.607843137254902,6677,0,3375,6542,10555,0,44428,49,47000,51.0,0,0.0,0.0,148.0,369582,0.39215686274509803,1,169,46191,0,98.26730310262529,0,0,0
33,180148,0,414,60,0,0,432757.3391666667,372153.1832777778,16.298113924050632,53463.02703333333,0.6773577277328471,1.4634306784E8,1,100000,UNIFORM,0,0,468,0.0,43735,8184,42714,100,0,0,642,679,40690.0,0,0,10.0,0.12658227848101267,0,39769,48,0,0,6577,238,0,311,368665,0,98.6,0,100.0,0,10747,374,0.17839444995044598,263,165.0,0,3078,6577,1173,1,2.036339610175091,48,100,430332.0,51381.0,377238,3671,0.0,1,2309,920,0.0,0.12658227848101267,0,0,0.0,78553,370028.0,0,194,590,10.0,0,0,0,12.466666666666667,0,0,164100,0.0,9.833333333333334,6118,0,3338,6542,8975,0,38185,48,47400,60.0,0,0.0,0.0,148.0,369995,0.16666666666666666,1,174,46652,0,98.39613526570048,0,0,0
34,180206,0,426,48,0,0,433888.885625,373865.5065187793,24.11070042194093,58260.84325,0.6762592612284811,1.4260451904E8,1,100000,UNIFORM,0,0,484,0.0,47933,9001,42191,100,0,0,642,680,40637.0,0,0,10.0,0.10126582278481013,0,39684,48,0,0,7601,202,0,318,370006,0,97.91666666666667,0,100.0,0,11824,373,0.23692003948667326,249,171.0,0,3103,7601,1173,1,2.020401447844686,47,100,431376.0,50891.0,373426,3687,0.0,0,2220,1010,0.0,0.10126582278481013,0,0,0.0,81725,371655.0,0,200,460,10.0,0,0,0,16.208333333333332,0,0,168499,0.0,9.583333333333334,6221,0,3356,6542,9666,0,39774,48,47400,48.0,0,0.0,0.0,150.0,371633,0.4166666666666667,1,195,46622,0,98.40845070422536,0,0,0
35,180063,0,427,54,0,1,450799.487537037,363276.3645948478,19.92839419087137,57232.39987037038,0.6073429458881984,1.4353678E8,1,100000,UNIFORM,0,0,475,0.0,47072,8298,44407,100,0,0,642,680,38977.0,0,0,10.0,0.11410788381742738,0,38035,48,0,0,7574,196,50,296,359708,8836,98.03703703703704,0,100.0,0,11555,362,0.19480519480519481,244,164.0,0,3188,7574,1173,1,1.979835953520164,47,100,447475.0,53038.0,391236,3614,0.0,0,2087,933,0.0,0.11226611226611227,0,9845,0.0,85338,361320.0,1,192,540,10.0,0,0,0,15.444444444444445,0,0,148885,0.0,10.0,6292,0,3299,6542,8786,2101,39484,48,48100,55.0,70,0.0,0.0,146.0,361298,0.0,1,189,47266,0,98.29508196721312,0,0,0
36,180053,0,424,58,0,0,502399.18944827584,355640.1987264151,15.327997925311204,61961.42598275862,0.6229182989037401,1.4976754633333334E8,1,100000,UNIFORM,0,0,490,0.0,50555,9176,41818,100,0,0,642,679,39428.0,0,0,10.0,0.12033195020746888,0,38473,49,0,0,4762,253,0,309,351867,0,98.89655172413794,0,100.0,0,7992,361,0.17904509283819628,245,164.0,0,3221,4762,1173,1,2.054708222811671,48,100,499527.0,50486.0,437941,3597,0.0,0,2379,1008,0.0,0.12033195020746888,0,0,0.0,69522,353432.0,0,201,560,10.0,0,0,0,13.793103448275861,0,0,169923,0.0,9.655172413793103,6057,0,3271,6542,10612,0,43505,49,48200,58.0,0,0.0,0.0,142.0,353396,0.3448275862068966,1,198,47398,0,98.25943396226415,0,0,0
37,180182,0,424,59,0,1,421780.5212542373,364864.0571556604,15.553030991735538,55849.24342372882,0.5763668697588201,1.5069903072E8,1,100000,UNIFORM,0,0,492,0.0,45386,8905,42117,100,8939,0,642,679,40622.0,0,0,10.0,0.12396694214876033,1,39656,48,0,11884,7312,191,53,312,361110,7749,98.32203389830508,0,100.0,3020,11286,374,0.20435510887772193,248,170.0,0,2963,7328,1173,1,2.0120603015075376,48,100,419626.0,51169.0,364045,3598,0.0,2,2378,955,0.0,0.12215320910973085,29798,0,0.0,79128,362891.0,1,199,580,10.0,0,0,0,14.186440677966102,0,0,153081,0.0,9.830508474576272,6418,0,3264,6542,9746,0,38666,48,48300,60.0,70,0.0,0.0,149.0,362870,0.1694915254237288,1,168,47461,1,98.25471698113208,0,0,0
38,180130,0,445,64,0,0,455214.309234375,339044.1765955056,18.129593320235756,107161.21709375,0.6358355293566942,1.5481720032E8,1,100000,UNIFORM,0,0,478,0.0,97896,7782,38735,100,0,0,642,679,38571.0,0,0,10.0,0.12573673870333987,0,37636,48,0,0,11693,194,0,284,335617,0,98.3125,0,100.0,0,15952,353,0.19288327236448288,216,162.0,0,2976,11693,1172,1,2.0545394080478885,47,100,452348.0,46592.0,345482,3344,0.0,0,1850,903,0.0,0.12573673870333987,2593,0,0.0,87207,337039.0,0,193,620,10.0,0,0,0,12.546875,0,0,172439,0.0,9.6875,5758,0,3042,6542,8288,0,92052,48,50900,64.0,0,0.0,0.0,146.0,337004,0.3125,1,187,50097,1,98.43820224719101,0,0,0
39,180004,0,432,42,0,0,529726.3131428572,364827.8170833333,34.082816455696204,59899.17035714286,0.6523588671425159,1.4018404939130434E8,1,100000,UNIFORM,0,0,497,0.0,48674,8848,43686,100,0,0,642,680,42081.0,0,0,10.0,0.08860759493670886,0,41114,49,0,0,4755,169,0,339,361088,0,98.54761904761905,0,100.0,0,8694,387,0.22935779816513763,252,167.0,0,3021,4755,1173,1,2.06389252948886,48,100,527323.0,52296.0,467675,3694,0.0,1,2239,1006,0.0,0.08860759493670886,0,0,0.0,84588,362638.0,0,202,420,10.0,0,0,0,18.80952380952381,0,0,185599,0.0,10.0,6131,0,3345,6542,10552,0,42463,49,47400,42.0,0,0.0,0.0,150.0,362612,0.0,1,173,46610,0,98.3125,0,0,0
40,180340,0,420,44,0,0,460418.65118181816,380906.28233809525,17.04549353448276,59139.99629545455,0.6275544679769585,1.5890783968E8,1,100000,UNIFORM,0,0,489,0.0,46589,9581,44097,100,0,0,642,680,42323.0,0,0,10.0,0.09482758620689655,0,41360,49,0,0,6480,168,0,339,376420,0,98.18181818181819,0,100.0,0,10442,390,0.2109020116807268,227,177.0,0,3535,6480,1173,1,2.0963659961064245,48,100,456994.0,53108.0,398206,3768,0.0,2,2265,1075,0.0,0.09482758620689655,0,0,0.0,83353,378332.0,0,192,420,10.0,0,0,0,16.727272727272727,0,0,182958,0.0,9.545454545454545,6490,0,3421,6542,10747,0,39231,49,46400,44.0,0,0.0,0.0,155.0,378303,0.45454545454545453,1,162,45664,0,98.43809523809524,0,0,0
41,180312,0,416,52,0,1,469145.22042307694,373058.99875,15.755810234541578,55573.79859615385,0.619570357475857,1.5002137984E8,1,100000,UNIFORM,0,0,492,0.0,44446,9501,45428,100,0,0,642,680,42075.0,0,0,10.0,0.11300639658848614,0,41120,48,0,0,7382,176,52,332,369010,7593,98.21153846153847,0,100.0,0,12960,389,0.24212271973466004,228,170.0,0,3577,7662,1173,1,2.063681592039801,47,100,466304.0,54020.0,410956,3714,0.0,1,2231,1003,0.0,0.1111111111111111,2902,8592,0.0,94805,370689.0,1,200,510,10.0,0,0,0,14.5,0,0,166007,0.0,9.807692307692308,6111,0,3365,6542,10552,2251,37291,48,46800,53.0,70,0.0,0.0,147.0,370667,0.19230769230769232,1,164,46046,1,98.4110576923077,0,0,77955
42,180008,0,414,55,0,0,466787.47160000005,372464.6790531401,19.84628997867804,63460.63963636363,0.6042841894927792,1.4545444313043478E8,1,100000,UNIFORM,0,0,497,0.0,51481,10449,46650,100,0,0,642,680,40415.0,0,0,10.0,0.11727078891257996,0,39453,48,0,0,9283,299,0,317,368503,0,98.12727272727273,0,100.0,0,13576,376,0.20408163265306123,234,170.0,0,3822,9283,1173,1,2.078670177748519,47,100,464552.0,55244.0,401370,3694,0.0,1,2061,1053,0.0,0.11727078891257996,0,0,0.0,82452,370195.0,0,200,520,10.0,0,0,0,13.418181818181818,0,0,143392,0.0,9.454545454545455,6284,0,3361,6542,11243,0,43597,48,46900,55.0,0,0.0,0.0,150.0,370178,0.5454545454545454,1,187,46162,0,98.46618357487922,0,0,0
43,180225,0,426,52,0,0,446812.1124807692,368286.5740164319,15.752069037656904,54603.256019230765,0.5615727894075152,1.5000971712E8,1,100000,UNIFORM,0,0,487,0.0,42903,10157,42199,100,0,0,642,680,40523.0,0,0,10.0,0.1087866108786611,0,39546,48,0,0,7764,169,0,319,364220,0,97.96153846153847,0,100.0,0,10724,372,0.2334235453315291,240,171.0,0,3068,7764,1174,1,2.0324763193504736,47,100,444411.0,50600.0,390109,3652,0.0,0,2106,981,0.0,0.1087866108786611,0,0,0.0,80310,366091.0,0,200,510,10.0,0,0,0,15.826923076923077,0,0,180760,0.0,9.807692307692308,6043,0,3319,6542,10948,0,35394,48,47800,52.0,0,0.0,0.0,151.0,366059,0.19230769230769232,1,168,46976,0,98.31455399061034,0,0,0
44,180107,0,409,56,0,0,442136.72783928574,379487.265799511,53.268879569892476,57530.756375,0.6407252053163736,1.4720322016E8,1,100000,UNIFORM,0,0,490,0.0,45645,10284,44076,100,0,0,642,679,42173.0,0,0,10.0,0.12043010752688173,0,41219,48,0,0,6717,185,0,330,375412,0,98.39285714285714,0,100.0,0,9117,388,0.22066198595787362,286,173.0,0,3229,6717,1173,1,2.0585088599130725,48,100,440044.0,53455.0,382908,3737,0.0,0,2462,1019,0.0,0.12043010752688173,9007,0,0.0,61770,377067.0,0,202,550,10.0,0,0,0,13.321428571428571,0,0,208028,0.0,9.821428571428571,6671,0,3387,6542,11085,0,37809,48,46500,56.0,0,0.0,0.0,152.0,377039,0.17857142857142858,1,173,45754,1,98.3960880195599,0,0,0
45,180214,0,430,51,0,0,443995.9366666667,366152.63196976745,20.61585446985447,55718.44188235294,0.5864651773485795,1.5079320128E8,1,100000,UNIFORM,0,0,491,0.0,44336,10086,42951,100,0,0,642,680,40116.0,0,0,10.0,0.10602910602910603,0,39143,48,0,0,6076,179,0,314,362457,0,98.52941176470588,0,100.0,0,10161,369,0.20080321285140562,239,165.0,0,3112,6076,1174,1,2.0277963831212324,47,100,441403.0,52238.0,385902,3630,0.0,0,2492,949,0.0,0.10602910602910603,0,0,0.0,77558,364136.0,0,199,470,10.0,0,0,0,14.882352941176471,0,0,185849,0.0,9.215686274509803,6543,0,3304,6542,10681,0,36973,48,48100,51.0,0,0.0,0.0,146.0,364113,0.7843137254901961,1,182,47340,0,98.40697674418605,0,0,0
46,180038,0,453,41,0,0,510379.26919512195,351002.2452913907,26.270064777327935,54779.19787804878,0.6352576905133577,1.47350048E8,1,100000,UNIFORM,0,0,491,0.0,44008,9013,42460,100,0,0,642,680,39576.0,0,0,10.0,0.08299595141700405,0,38615,49,0,0,4937,177,0,316,346961,0,98.26829268292683,0,100.0,0,9725,365,0.19882659713168188,233,167.0,0,2956,4937,1172,1,2.0896349413298565,48,100,508403.0,51247.0,453904,3549,0.0,0,2219,977,0.0,0.08299595141700405,17248,0,0.0,84951,348619.0,0,205,410,10.0,0,0,0,19.926829268292682,0,0,174977,0.0,10.0,6313,0,3227,6542,9934,0,37202,49,49400,41.0,0,0.0,0.0,148.0,348576,0.0,1,180,48583,1,98.3532008830022,0,0,0
47,180171,0,451,54,0,1,497328.77544444444,338862.80008869176,23.383041501976283,125966.51548148147,0.5319599128368455,1.5363494016E8,1,100000,UNIFORM,0,0,480,0.0,113240,11131,43896,100,0,0,642,680,38370.0,0,0,10.0,0.10869565217391304,0,37422,48,0,0,10050,182,50,307,334939,6751,98.51851851851852,0,100.0,0,13070,357,0.20292747837658018,237,162.0,0,3120,10050,1173,1,2.0698602794411176,47,100,495435.0,53087.0,369838,3371,0.0,0,2735,1025,0.0,0.10693069306930693,0,7806,0.0,77017,336661.0,1,194,530,10.0,0,0,0,15.685185185185185,0,0,168711,0.0,9.814814814814815,6208,0,3051,6542,11937,2498,106002,48,50500,55.0,70,0.0,0.0,146.0,336622,0.18518518518518517,1,173,49653,0,98.29933481152993,0,0,0
48,180206,0,448,54,0,0,456355.3722222222,346823.19720089284,25.727163346613548,81017.5947962963,0.6368555188509273,1.487926864E8,1,100000,UNIFORM,0,0,485,0.0,70654,8807,42790,100,0,0,642,680,38513.0,0,0,10.0,0.10756972111553785,0,37534,49,0,0,7683,191,0,301,343038,0,98.5,0,100.0,0,11668,356,0.2179014415018438,239,155.0,0,2950,7683,1173,1,1.9654710023466309,48,100,453966.0,51246.0,373196,3447,0.0,0,2097,1017,0.0,0.10756972111553785,0,0,0.0,74514,344626.0,0,200,520,10.0,0,0,0,15.481481481481481,0,0,185270,0.0,9.62962962962963,6116,0,3133,6542,9724,0,60972,49,50200,54.0,0,0.0,0.0,142.0,344599,0.37037037037037035,1,192,49364,0,98.31473214285714,0,0,0
49,180060,0,418,52,0,0,474020.8804230769,371477.24522248807,28.396046808510636,62125.153115384615,0.694887327384269,1.52572727E8,1,100000,UNIFORM,0,0,495,0.0,49828,11007,49328,100,0,0,642,680,40658.0,0,0,10.0,0.11063829787234042,0,39689,48,0,0,6937,174,0,326,367712,0,98.40384615384616,0,100.0,0,13457,381,0.20053475935828877,232,174.0,0,3511,6937,1172,1,2.0511363636363638,48,100,471606.0,58372.0,409796,3702,0.0,0,2278,1059,0.0,0.11063829787234042,4375,0,0.0,102913,369259.0,0,196,510,10.0,0,0,0,15.038461538461538,0,0,161163,0.0,9.807692307692308,6527,0,3359,6542,11499,0,42872,48,47000,52.0,0,0.0,0.0,156.0,369240,0.19230769230769232,1,175,46218,1,98.32775119617224,0,0,0
50,180382,0,414,53,0,1,438404.9724339623,378325.07562801935,13.903608974358974,53459.85741509434,0.6954126851015291,1.3824875616E8,1,100000,UNIFORM,0,0,483,0.0,42998,8925,41844,100,0,0,642,680,41036.0,0,0,10.0,0.11538461538461539,0,40075,48,0,0,6242,153,48,311,374397,7057,98.49056603773585,0,100.0,0,10081,376,0.17371353654539495,237,175.0,0,3176,6242,1173,1,2.052769583743035,47,100,435619.0,50195.0,382455,3729,0.0,0,2130,963,0.0,0.11349036402569593,0,8376,0.0,93564,376036.0,1,196,520,10.0,0,0,0,14.358490566037736,0,0,152472,0.0,9.81132075471698,5975,0,3400,6543,9784,2440,36241,48,46700,54.0,70,0.0,0.0,153.0,376022,0.18867924528301888,1,148,45939,0,98.35507246376811,0,0,0
51,180076,0,405,61,0,0,465851.017,374175.36141975306,25.19210729613734,61846.61250819672,0.6186902879466528,1.5276890208E8,1,100000,UNIFORM,0,0,503,0.0,49876,10794,47162,100,0,0,642,679,40160.0,0,0,10.0,0.13090128755364808,0,39197,48,0,0,8811,212,0,317,370438,0,98.21311475409836,0,100.0,0,12136,375,0.15799868334430547,245,175.0,0,3199,8811,1172,1,2.089203423304806,48,100,463879.0,55923.0,402268,3726,0.0,0,2139,1085,0.0,0.13090128755364808,0,0,0.0,73546,372014.0,0,201,600,10.0,0,0,0,13.62295081967213,0,0,157668,0.0,9.836065573770492,6364,0,3385,6542,11235,0,41305,48,46600,61.0,0,0.0,0.0,151.0,372003,0.16393442622950818,1,201,45769,0,98.21728395061729,0,0,0
52,179977,0,416,59,0,0,428630.0797457627,371499.4226995192,18.429313684210527,56279.085644067796,0.6083213824580216,1.5952642713043478E8,1,100000,UNIFORM,0,0,476,0.0,45412,9149,41723,100,0,0,642,679,40052.0,0,0,10.0,0.12421052631578948,0,39101,48,0,0,7836,187,0,318,368135,0,98.23728813559322,0,100.0,0,12042,370,0.20299500831946754,241,168.0,0,3070,7836,1173,1,2.0229617304492513,47,100,426417.0,50051.0,370459,3665,0.0,0,1905,948,0.0,0.12421052631578948,2722,0,0.0,80974,369626.0,0,201,570,10.0,0,0,0,13.610169491525424,0,0,179911,0.0,9.661016949152541,6161,0,3325,6542,10000,0,37451,48,47500,59.0,0,0.0,0.0,147.0,369613,0.3389830508474576,1,187,46697,1,98.31971153846153,0,0,0
53,180146,0,447,38,0,0,432629.0627368421,365997.8895592841,33.4544,49342.30534210526,0.5834881052582773,1.4399801216E8,1,100000,UNIFORM,0,0,485,0.0,39199,7695,38083,100,0,0,642,680,39638.0,0,0,10.0,0.07835051546391752,0,38690,48,0,0,3920,184,0,317,362166,0,98.60526315789474,0,100.0,0,8241,361,0.18985270049099837,253,162.0,0,2935,3920,1173,1,2.073977086743044,47,100,430974.0,46595.0,382262,3626,0.0,1,2239,1040,0.0,0.07835051546391752,0,0,0.0,73223,363776.0,0,195,370,10.0,0,0,0,20.57894736842105,0,0,166607,0.0,9.736842105263158,6035,0,3303,6542,8314,0,31335,48,48500,38.0,0,0.0,0.0,143.0,363750,0.2631578947368421,1,181,47716,0,98.36465324384787,0,0,0
54,180133,0,415,48,0,1,530406.12575,371078.1043325301,20.330426724137933,58817.7299375,0.6801021101466781,1.336414112E8,1,100000,UNIFORM,0,0,485,0.0,46434,10868,46511,100,0,0,642,680,42347.0,0,0,10.0,0.10560344827586207,0,41372,49,0,0,7314,180,52,339,367132,12641,98.33333333333333,0,100.0,0,11288,391,0.20550215445807093,233,169.0,0,3329,7480,1172,1,2.067616837918462,48,100,526717.0,56550.0,468214,3760,0.0,1,2922,1025,0.0,0.10367170626349892,0,17639,0.0,72836,368916.0,1,201,480,10.0,0,0,0,16.458333333333332,0,0,166485,0.0,10.0,6869,0,3404,6542,11691,2718,38693,49,46300,49.0,70,0.0,0.0,146.0,368889,0.0,1,184,45510,0,98.28915662650603,0,0,72910
55,180321,0,423,53,0,0,468208.1043584906,367292.30222695036,15.009672268907563,56096.259396226415,0.6267364183917781,1.4899466816E8,1,100000,UNIFORM,0,0,489,0.0,43976,11046,45712,100,0,0,642,680,40335.0,0,0,10.0,0.11134453781512606,0,39368,48,0,0,6602,179,0,322,363642,0,98.60377358490567,0,100.0,0,11003,374,0.1932045303131246,249,173.0,0,3272,6602,1173,1,1.9860093271152566,48,100,465553.0,55045.0,409832,3664,0.0,0,2452,991,0.0,0.11134453781512606,0,0,0.0,91882,365266.0,0,203,530,10.0,0,0,0,13.867924528301886,0,0,155710,0.0,10.0,6659,0,3324,6542,11492,0,37053,48,47600,53.0,0,0.0,0.0,151.0,365254,0.0,1,174,46864,0,98.43498817966903,0,0,0
56,180071,0,454,34,0,0,428414.9860294118,364267.56092070485,26.170801229508196,59515.631323529415,0.5966012205728266,1.4807992E8,1,100000,UNIFORM,0,0,495,0.0,50048,7774,43473,100,0,0,642,680,40488.0,0,0,10.0,0.06967213114754098,0,39533,48,0,0,4761,196,0,333,360768,0,98.26470588235294,0,100.0,0,8287,374,0.18439249259137305,232,166.0,0,3064,4761,1173,1,2.0925255186038854,47,100,426083.0,52768.0,366787,3606,0.0,0,2240,1025,0.0,0.06967213114754098,0,0,0.0,68234,362176.0,0,199,320,10.0,0,0,0,24.0,0,0,153991,0.0,9.411764705882353,6799,0,3271,6542,8819,0,39524,48,48800,34.0,0,0.0,0.0,142.0,362157,0.5882352941176471,1,186,47984,0,98.33259911894272,0,0,0
57,180009,0,409,54,0,1,473973.7612962963,376192.4687677262,21.387254310344826,63293.40968518519,0.7078350825336619,1.5416748486956522E8,1,100000,UNIFORM,0,0,486,0.0,52228,9512,47302,100,0,0,642,679,40527.0,0,0,10.0,0.11853448275862069,0,39566,48,0,0,7815,158,51,328,372115,4402,98.25925925925925,0,100.0,0,11171,377,0.2375528799219004,230,167.0,0,3219,7895,1173,1,2.053368044256427,47,100,470295.0,55877.0,407350,3743,0.0,0,2028,993,0.0,0.11663066954643629,3841,5576,0.0,84731,373767.0,1,193,530,10.0,0,0,0,15.351851851851851,0,0,171325,0.0,9.814814814814815,6292,0,3397,6542,10325,2111,44346,48,46300,55.0,70,0.0,0.0,142.0,373739,0.18518518518518517,1,155,45471,1,98.20293398533008,0,0,41081
58,180200,0,450,59,0,0,413244.1716949152,345951.8326444445,17.99473673870334,51680.674779661014,0.6349575222053099,1.494435104E8,1,100000,UNIFORM,0,0,496,0.0,42743,7424,40000,100,0,0,642,680,37721.0,0,0,10.0,0.11591355599214145,0,36768,48,0,0,7518,164,0,283,342720,0,98.15254237288136,0,100.0,0,11389,347,0.21666666666666667,222,155.0,0,3030,7518,1173,1,2.0347013680347015,47,100,410507.0,47894.0,359329,3429,0.0,0,1869,913,0.0,0.11591355599214145,0,0,0.0,83925,344082.0,0,200,580,10.0,0,0,0,14.610169491525424,0,0,160871,0.0,9.830508474576272,5780,0,3128,6542,8112,0,36346,48,50900,59.0,0,0.0,0.0,140.0,344063,0.1694915254237288,1,164,50038,0,98.32666666666667,0,0,0
59,180029,0,406,59,0,1,458438.2058305085,375383.69943349756,17.35129184549356,51996.10718644068,0.6270798274160042,1.4357629466666666E8,1,100000,UNIFORM,0,0,500,0.0,42626,8153,45942,100,0,0,642,679,41406.0,0,0,10.0,0.12875536480686695,0,40425,48,0,0,7011,184,46,311,371274,9141,98.50847457627118,0,100.0,0,10945,383,0.1791145657316661,253,168.0,0,3249,7135,1173,1,2.0256843528218993,48,100,456168.0,54444.0,404403,3722,0.0,0,1980,1075,0.0,0.12688172043010754,0,10512,0.0,81633,372868.0,1,206,580,10.0,0,0,0,11.932203389830509,0,0,166988,0.0,9.830508474576272,6269,0,3389,6542,8739,2140,34866,48,46500,60.0,70,0.0,0.0,148.0,372842,0.1694915254237288,1,183,45796,0,98.48275862068965,0,0,94339
60,180021,0,415,48,0,0,449846.7200833333,381485.92233975907,32.9469676025918,57715.46177083334,0.5986928727427729,1.600395196521739E8,1,100000,UNIFORM,0,0,480,0.0,46645,9412,42634,100,0,0,642,680,41882.0,0,0,10.0,0.10367170626349892,0,40951,49,0,0,6426,174,0,342,377774,0,98.39583333333333,0,100.0,0,11048,384,0.15867768595041323,226,178.0,0,3144,6426,1172,1,2.0528925619834713,48,100,447550.0,51748.0,390164,3768,0.0,0,2406,976,0.0,0.10367170626349892,0,0,0.0,82987,379141.0,0,193,460,10.0,0,0,0,14.916666666666666,0,0,158602,0.0,9.583333333333334,6454,0,3414,6542,10080,0,39284,49,46300,48.0,0,0.0,0.0,155.0,379118,0.4166666666666667,1,165,45583,0,98.4578313253012,0,0,0
61,180029,0,479,67,0,1,388378.0861492537,320357.7016597077,15.090323583180988,44708.57340298507,0.3784077879812769,4.1187509333333336E7,1,100000,UNIFORM,0,0,0,0.0,37347,6393,45386,100,0,0,642,679,40713.0,0,0,10.0,0.12431444241316271,0,39775,48,0,0,0,0,45,231,317572,12959,100.0,0,100.0,0,0,371,0.0,0,0.0,0,2699,0,0,1,0.0,48,100,386768.0,53818.0,342310,3136,0.0,0,2060,0,0.0,0.1227106227106227,0,15466,0.0,0,318894.0,1,0,670,10.0,0,0,0,0.0,0,0,50494,0.0,10.0,6173,0,2886,6542,6843,4290,32730,48,54600,68.0,70,0.0,0.0,0.0,318884,0.0,1,0,54600,0,100.0,0,0,0
62,180359,0,492,55,0,0,381775.1142181818,323599.427296748,15.817771480804387,47690.635363636364,0.3406190268514963,4.790205536E7,1,100000,UNIFORM,0,0,0,0.0,39806,7081,42951,100,0,0,642,680,40719.0,0,0,10.0,0.10054844606946983,0,39774,48,0,0,0,0,0,231,320830,0,100.0,0,100.0,0,0,369,0.0,0,0.0,0,2614,0,0,1,0.0,48,100,380014.0,51696.0,332562,3157,0.0,0,2225,0,0.0,0.10054844606946983,0,0,0.0,0,322081.0,0,0,550,10.0,0,0,0,0.0,0,0,44478,0.0,10.0,6329,0,2913,6542,7430,0,34788,48,54700,55.0,0,0.0,0.0,0.0,322072,0.0,1,0,54700,0,100.0,0,0,0
63,180151,0,503,50,0,0,462131.96172,312014.1341351889,25.52950994575045,49140.73136,0.3332881051270029,4.262973664E7,1,100000,UNIFORM,0,0,0,0.0,42027,6247,45096,100,0,0,642,680,40094.0,0,0,10.0,0.09041591320072333,0,39180,49,0,0,0,0,0,231,309337,0,100.0,0,100.0,0,0,364,0.0,0,0.0,0,2593,0,0,1,0.0,49,100,460487.0,53953.0,411594,3125,0.0,0,2280,0,0.0,0.09041591320072333,0,0,0.0,0,310513.0,0,0,500,10.0,0,0,0,0.0,0,0,50546,0.0,10.0,6397,0,2885,6542,6658,0,37483,49,55300,50.0,0,0.0,0.0,0.0,310499,0.0,1,0,55300,0,100.0,0,0,0
64,180291,0,486,61,0,2,371809.7507704918,321977.9404423868,16.01130965391621,44566.41778688525,0.41528459067385476,3.95037072E7,1,100000,UNIFORM,0,0,0,0.0,37739,5936,40158,100,0,0,642,680,41269.0,0,0,10.0,0.11475409836065574,0,40346,48,0,0,0,0,48,232,319224,8883,100.0,0,100.0,0,0,372,0.0,0,0.0,0,2480,0,0,1,0.0,48,100,370292.0,48267.0,325970,3138,0.0,0,2051,0,0.0,0.11151736745886655,0,9841,0.0,0,320464.0,2,0,610,10.0,0,0,0,0.0,0,0,42305,0.0,10.0,5879,0,2889,6542,6316,3318,33398,48,54700,63.0,70,0.0,0.0,0.0,320455,0.0,1,0,54700,0,100.0,0,0,0
65,180103,0,479,67,0,1,429481.004880597,314952.4822045929,16.169180987202925,99358.76958208956,0.3701227235858056,4.178736416E7,1,100000,UNIFORM,0,0,0,0.0,92138,6146,44768,100,0,0,642,679,41188.0,0,0,10.0,0.12431444241316271,0,40248,48,0,0,0,0,47,231,312174,3726,100.0,0,100.0,0,0,374,0.0,0,0.0,0,2629,0,0,1,0.0,48,100,427713.0,53214.0,328715,3072,0.0,0,2034,0,0.0,0.1227106227106227,0,4987,0.0,0,313390.0,1,0,670,10.0,0,0,0,0.0,0,0,57833,0.0,10.0,6203,0,2822,6542,6545,2039,88213,48,54600,68.0,70,0.0,0.0,0.0,313380,0.0,1,0,54600,0,100.0,0,0,0
66,180129,0,485,73,0,0,450730.45310958906,303318.8104783505,16.350675627240143,116420.61502739726,0.3904150260029246,4.660792672E7,1,100000,UNIFORM,0,0,0,0.0,109102,6448,44633,100,0,0,642,679,39934.0,0,0,10.0,0.13082437275985664,0,38969,48,0,0,0,0,0,222,300538,0,100.0,0,100.0,0,0,363,0.0,0,0.0,0,2604,0,0,1,0.0,48,100,449041.0,53343.0,332872,2976,0.0,0,2119,0,0.0,0.13082437275985664,0,0,0.0,0,301823.0,0,0,730,10.0,0,0,0,0.0,0,0,50006,0.0,10.0,6390,0,2735,6542,6822,0,102832,48,55800,73.0,0,0.0,0.0,0.0,301814,0.0,1,0,55800,0,100.0,0,0,0
67,180169,0,499,53,0,0,472497.1898679245,310691.1009058116,15.717157608695652,149332.84998113208,0.386261346411775,5.17829392E7,1,100000,UNIFORM,0,0,0,0.0,142056,6427,40127,100,0,0,642,680,40050.0,0,0,10.0,0.09601449275362318,0,39120,48,0,0,0,0,0,230,308039,0,100.0,0,100.0,0,0,360,0.0,0,0.0,0,2711,0,0,1,0.0,48,100,470888.0,48948.0,321868,3031,0.0,0,2283,0,0.0,0.09601449275362318,0,0,0.0,0,309215.0,0,0,530,10.0,0,0,0,0.0,0,0,55434,0.0,10.0,6367,0,2790,6542,6772,0,137469,48,55200,53.0,0,0.0,0.0,0.0,309206,0.0,1,0,55200,0,100.0,0,0,0
68,180339,0,509,63,0,1,434611.488984127,298831.04980943026,14.912760907504364,103386.34676190476,0.40403148952736456,4.253634272E7,1,100000,UNIFORM,0,0,0,0.0,96409,5869,43871,100,0,0,642,680,37717.0,0,0,10.0,0.11169284467713787,0,36817,49,0,0,0,0,51,214,296168,11305,100.0,0,100.0,0,0,347,0.0,0,0.0,0,2591,0,0,1,0.0,49,100,433074.0,52644.0,329932,2941,0.0,0,2236,0,0.0,0.11013986013986014,0,12426,0.0,0,297353.0,1,0,630,10.0,0,0,0,0.0,0,0,42364,0.0,10.0,6323,0,2713,6542,6322,6118,92182,49,57200,64.0,70,0.0,0.0,0.0,297344,0.0,1,0,57200,0,100.0,0,0,0
69,180003,0,510,51,0,0,395833.11439215683,313199.8402960784,37.380832442067735,79300.14239215686,0.41518233150464434,4.019436626086956E7,1,100000,UNIFORM,0,0,0,0.0,71981,6428,39769,100,0,0,642,680,40535.0,0,0,10.0,0.09090909090909091,0,39576,48,0,0,0,0,0,233,310430,0,100.0,0,100.0,0,0,364,0.0,0,0.0,0,2540,0,0,1,0.0,48,100,393541.0,48736.0,314507,3048,0.0,0,2397,0,0.0,0.09090909090909091,0,0,0.0,0,311629.0,0,0,510,10.0,0,0,0,0.0,0,0,56283,0.0,10.0,6386,0,2806,6542,6840,0,66945,48,56100,51.0,0,0.0,0.0,0.0,311620,0.0,1,0,56100,0,100.0,0,0,0
